word,meaning,example
the,"art. 这；那,adv. 更加（用于比较级，最高级前）",
of,prep. 关于；属于；…的；由…组成的,
and,"conj. 和，与；就；而且；但是；然后,n. (And)人名；(土、瑞典)安德",
to,"adv. 向前；（门等）关上,prep. 到；向；（表示时间、方向）朝…方向,n. (To)人名；(柬)多；(中)脱(普通话·威妥玛)",
a,art. 一；任一；每一,
in,"prep. 按照（表示方式）；从事于；在…之内,adv. 进入；当选；（服装等）时髦；在屋里,adj. 在里面的；时髦的,n. 执政者；门路；知情者,n. (In)人名；(中)演(广东话·威妥玛)；(柬)殷(用于名字第一节)， 因；(日)寅 (名)",
for,"prep. 为，为了；因为；给；对于；至于；适合于,conj. 因为",
is,"v. 是（be的三单形式）,n. 存在",
on,"adv. 向前地；作用中，行动中；继续着,prep. 向，朝……；关于；在……之上；在……时候,adj. 开着的；发生着的，正在进行中,n. (On)人名；(日)温(姓、名)；(缅、柬、印)翁",
that,"pron. 那；那个,adv. 那么；那样,conj. 因为；以至于,adj. 那；那个,n. (That)人名；(德)塔特",
by,"prep. 通过；被；依据；经由；在附近；在……之前,adv. 通过；经过；附近；[互联网] 白俄罗斯的国家代码顶级域名",
this,"pron. 这；这个；这里,adj. 这；本；这个；今,adv. 这样地；这么,n. (This)人名；(法)蒂斯",
with,"prep. 用；随着；支持；和…在一起,n. (With)人名；(德、芬、丹、瑞典)维特",
i,"pron. 我,n. 碘元素；英语字母I",
you,"pron. 你；你们,n. (You)人名；(柬)尤；(东南亚国家华语)猷",
it,"pron. [指无生命的东西、动物、植物]它；这；那,pron. 指已提到或将提及的事物、活动、经验、抽象观念等,pron. 在不分性别或情况不详时指代,pron. 作无人称动词的主语，表示天气、时日、距离、状态、温度等等,abbr. 信息技术information technology",
not,"adv. 表示否定，不,n. “非”（计算机中逻辑运算的一种）",
or,"conj. 或，或者；还是；要不然,n. (Or)人名；(中)柯(广东话·威妥玛)；(柬)奥；(土、匈、土库、阿塞、瑞典)奥尔",
be,"vt. 是； 有，存在； 做，成为； 发生,n. (Be)人名；(缅)拜；(日)部(姓)；(朝)培；(中非)贝",
are,"v. 是（be的第二人称单复数现在式）,n. 公亩,n. (Are)人名；(意、西、芬)阿雷",
from,"prep. 来自，从；由于；今后,n. (From)人名；(瑞典、丹、德)弗罗姆",
at,"prep. 在（表示存在或出现的地点、场所、位置、空间）；以（某种价格、速度等）；向；达；因为；朝；忙于,n. 阿特（老挝货币基本单位att）；[化]砹（极不稳定放射性元素）,abbr. 密封的（airtight）；气温（air temperature）",
as,"conj. 因为；随着；虽然；依照；当…时,prep. 如同；当作；以…的身份,adv. 同样地；和…一样的",
your,pron. 你的，你们的,
all,"adj. 全部的,adv. 全然地；越发,n. 全部,pron. 全部,n. (All)人名；(瑞典)阿尔；(英)奥尔",
have,"vt. 有；让；拿；从事；允许,aux. 已经,n. (Have)人名；(芬)哈韦；(德)哈弗",
new,"adj. 新的，新鲜的；更新的；初见的,adv. 新近,n. (New)人名；(英)纽",
more,"adv. 更多；此外；更大程度地,adj. 更多的；附加的,pron. 更多的数量,n. 更多,n. (More)人名；(英、法)莫尔；(意、西、以)莫雷",
an,art. 一（在元音音素前）,
was,be的第一和第三人称单数过去式,
we,"pron. 我们（主格）；笔者，本人（作者或演讲人使用）；朕，寡人,n. (We)人名；(缅)韦",
will,"n. 意志；决心；情感；遗嘱；意图；心愿,vt. 决心要；遗赠；用意志力使,vi. 愿意；下决心,aux. 将；愿意；必须",
home,"n. 家，住宅；产地；家乡；避难所,adv. 在家，回家；深入地,adj. 国内的，家庭的；有效的,vt. 归巢，回家,n. (Home)人名；(德、芬)霍梅；(英、尼)霍姆",
can,"vt. 将…装入密封罐中保存,aux. 能； 能够； 可以； 可能,n. 罐头； （用金属或塑料制作的）容器； （马口铁或其他金属制作的）食品罐头",
us,pron. 我们,
about,"prep. 关于；大约,adj. 在附近的；四处走动的；在起作用的,adv. 大约；周围；到处,n. 大致；粗枝大叶；不拘小节的人,n. (About)人名；(法)阿布",
if,"conj. （表条件）如果；即使；是否；（表假设）假如,n. 条件；设想",
page,"n. 页；记录；大事件，时期；男侍者,vt. 给…标页码,vi. 翻书页，浏览,n. (Page)人名；(西)帕赫；(英)佩奇；(意)帕杰；(法)帕日",
my,"pron. 我的,int. 哎呀（表示惊奇等）；喔唷,n. (My)人名；(越)美；(老、柬)米",
has,v. 有，吃，得到，从事，允许，雇用，享有（have的第三人称单数）；（亲属关系中）接受；拿；买到,
search,"vi. 搜寻；调查；探求,vt. 搜索；搜寻；调查；搜查；探求,n. 搜寻；探究，查究,n. (Search)人名；(英)瑟奇",
free,"adj. 免费的；自由的，不受约束的；[化学] 游离的,vt. 使自由，解放；释放,adv. 自由地；免费,n. (Free)人名；(英)弗里",
but,"conj. 但是；而是；然而,adv. 仅仅，只,prep. 除…以外,n. (But)人名；(俄、罗)布特；(越)笔",
our,pron. 我们的,
one,"pron. 一个人；任何人,adj. 一的；唯一的,n. 一,num. 一；一个,n. (One)人名；(老)温",
other,"adj. 其他的，另外的,pron. 另外一个",
do,"n. 要求；规定；C大调音阶中的第一音,v. 做；干；学习；研究；进行；完成；解答；整理；算出；引起；行过,aux. 助动词（构成疑问句和否定句）；（代替动词）；（用于加强语气）,vi. 行，足够；生长,n. （英）多（人名Dorothea和Dorothy的昵称）,n. （口语）事件；（主英国口语）诈骗；（主英国、新西兰口语）宴会；（口语）必须做到的事情",
no,"adv. 不,adj. 没有；不是,n. 不；否决票,abbr. 数字（number）；元素锘（nobelium）的符号,n. (No)人名；(柬)诺；(越)努",
information,n. 信息，资料；知识；情报,
time,"n. 时间；时代；次数；节拍；倍数,vt. 计时；测定…的时间；安排…的速度,adj. 定时的；定期的；分期的,n. (Time)人名；(俄)季梅；(英)泰姆；(罗)蒂梅",
they,pron. 他们；它们；她们,
site,"n. 地点；位置；场所,vt. 设置；为…选址",
he,"n. 男孩，男人；它（雄性动物）,pron. 他,n. (He)人名；(日)户(姓)；(朝)海；(柬)赫",
up,"adv. 起来；上涨；向上,prep. 在…之上；向…的较高处,adj. 涨的；起床的；向上的,n. 上升；繁荣",
may,aux. 可以，能够；可能，也许；祝，愿；会，能,
what,"pron. 什么；多么；多少,adj. 什么；多么；何等,adv. 到什么程度，在哪一方面,int. 什么；多么",
which,"pron. 哪/那一个；哪/那一些,adj. 哪一个；哪一些",
their,"pron. 他们的，她们的；它们的,n. (Their)人名；(英)蒂尔；(芬、瑞典)泰尔",
news,n. 新闻，消息；新闻报导,
out,"adv. 出现；在外；出局；出声地；不流行地,adj. 外面的；出局的；下台的,n. 出局,prep. 向；离去,vi. 出来；暴露,vt. 使熄灭；驱逐",
use,"n. 使用；用途；发挥,vt. 利用；耗费,vi. 使用，运用,n. (Use)人名；(德)乌泽",
any,"adj. 任何的；所有的；丝毫,pron. 任何；任何一个；若干,adv. 稍微；少许,n. (Any)人名；(法、罗)阿尼",
there,"adv. 在那里；在那边；在那点上,int. 你瞧,n. 那个地方",
see,"vt. 看见；理解；领会；觉察；拜访,vi. 看；看见；领会,n. (See)人名；(英)西伊；(柬)塞；(德)泽",
only,"adv. 只，仅仅；不料,adj. 唯一的，仅有的；最合适的,conj. 但是；不过；可是",
so,"adv. 如此，这么；确是如此,conj. 所以；因此,pron. 这样,n. (So)人名；(柬)索",
his,"pron. 他的,n. (His)人名；(法)伊斯",
when,"conj. 考虑到；既然；当…时；在…时；如果,adv. 什么时候，何时；（用于时间的表达方式之后）在那时；其时；当时,pron. 那时；什么时侯,n. 时间，时候；日期；场合",
contact,"n. 接触，联系,vt. 使接触，联系,vi. 使接触，联系",
here,"adv. 在这里；此时,int. 嘿！；喂！,n. 这里,n. (Here)人名；(罗)赫尔施",
business,n. 商业；[贸易] 生意；[贸易] 交易；事情,
who,pron. 谁；什么人,
web,"n. 网；卷筒纸；蹼；织物；圈套,vt. 用网缠住；使中圈套,vi. 形成网",
also,"adv. 也；而且；同样,conj. 并且；另外,n. (Also)人名；(罗)阿尔索",
now,"adv. 现在；如今；立刻,adj. 现在的,n. 现在；目前,conj. 由于；既然",
help,"vt. 帮助；促进；治疗；补救,n. 帮助；补救办法；帮忙者；有益的东西,vi. 帮助；有用；招待,n. (Help)人名；(芬)海尔普",
get,"vt. 使得；获得；受到；变成,n. 生殖；幼兽,vi. 成为；变得；到达",
view,"n. 观察；视野；意见；风景,vt. 观察；考虑；查看",
online,"adj. 联机的；在线的,adv. 在线地",
c,"symb. 碳（carbon）,n. 字母C",
e,n. 英语字母中的第五个字母,
first,"adv. 第一；首先；优先；宁愿,n. 第一；开始；冠军,adj. 第一的；基本的；最早的,num. 第一,n. (First)人名；(英)弗斯特；(捷)菲尔斯特",
am,"abbr. 调频，调谐，调幅（ amplitude modulation）,vi. （用于第一人称单数现在时）,aux. （与v-ing连用构成现在进行时，与v-ed连用构成被动语态）,n. （柬）安（人名）",
been,"v. 是，有（be的过去分词）,n. (Been)人名；(挪)贝恩",
would,"aux. 将，将要；愿意,v. will的过去式",
how,"adv. 如何；多少；多么,n. 方法；方式,conj. 如何,n. (How)人名；(英)豪",
were,"v. 是，在（are的过去式）,n. (Were)人名；(英、肯)沃尔",
me,"pron. 我（宾格）,n. 自我；极端自私的人；自我的一部分,n. (Me)人名；(日)马(姓)；(朝)袂；(阿拉伯、柬、老)梅",
services,"n. 服务；服务项目（service复数形式）,v. 服务（service的第三人称单数）",
some,"adj. 一些；某个；大约；相当多的,pron. 一些；若干；其中的一部分；（数量不确切时用）有些人,adv. 非常；相当；<美>稍微",
these,"pron. 这些,adj. 这些的",
click,"vt. 点击；使发咔哒声,vi. 作咔哒声,n. 单击；滴答声",
its,"pron. 它的,n. (Its)人名；(俄)伊茨",
like,"vt. 喜欢；想；愿意,vi. 喜欢；希望,prep. 像；如同,adj. 同样的；相似的,n. 爱好；同样的人或物,adv. 可能,conj. 好像",
service,"n. 服务，服侍；服役；仪式,adj. 服务性的；耐用的；服现役的,vt. 维修，检修；保养,n. (Service)人名；(英)瑟维斯",
x,n. 未知数；Xs或X's；X级电影，成人电影（十八岁以下儿童不得观看）；英语字母中的第二十四个字母,
than,"conj. 比（用于形容词、副词的比较级之后）；除…外（用于other等之后）；与其…（用于 rather等之后）；一…就（用于 no sooner等之后）,prep. 比；超过,n. (Than)人名；(老、柬、德)坦；(缅)丹",
find,"vt. 查找，找到；发现；认为；感到；获得,vi. 裁决,n. 发现,n. (Find)人名；(丹)芬",
price,"n. 价格；价值；代价,vt. 给……定价；问……的价格,n. (Price)人名；(英)普赖斯；(法)普里斯；(葡、瑞典)普里塞",
date,"n. 日期；约会；年代；枣椰子,vi. 过时；注明日期；始于（某一历史时期）,vt. 确定…年代；和…约会,n. (Date)人名；(日)伊达 (姓)；(英)戴特",
back,"n. 后面；背部；靠背；足球等的后卫；书报等的末尾,vt. 支持；后退；背书；下赌注,vi. 后退；背靠；倒退,adv. 以前；向后地；来回地；上溯；回来；回原处,adj. 后面的；过去的；拖欠的,n. (Back)人名；(西、英、德、法、瑞典、捷)巴克",
top,"n. 顶部，顶端；上部；首席；陀螺,vi. 高出，超越；结束；达到顶点,vt. 超越，超过；给…加盖；达到…的顶端,adj. 最高的，顶上的；头等的,n. (Top)人名；(英、土、意)托普",
people,"n. 人；人类；民族；公民,vt. 居住于；使住满人",
had,"v. 有；吃；得到（动词have的过去式和过去分词）,aux. 已经（用于过去完成时和过去完成进行时）",
list,"n. [计] 列表；清单；目录,vi. 列于表上,vt. 列出；记入名单内,n. (List)人名；(匈)李斯特；(英、德、法、西、捷)利斯特",
name,"n. 名称，名字；姓名；名誉,vt. 命名，任命；指定；称呼；提名；叫出,adj. 姓名的；据以取名的,n. (Name)人名；(日)滑(姓)；(英)内姆",
just,"adv. 只是，仅仅；刚才，刚刚；正好，恰好；实在；刚要,adj. 公正的，合理的；正直的，正义的；正确的；公平的；应得的,n. (Just)人名；(英)贾斯特；(法)朱斯特；(德、匈、波、捷、挪)尤斯特；(西)胡斯特",
over,"adv. 结束；越过；从头到尾,prep. 越过；在…之上；遍于…之上,adj. 结束的；上面的,vt. 越过,n. (Over)人名；(俄、西、土)奥韦尔",
state,"n. 国家；州；情形,vt. 规定；声明；陈述,adj. 国家的；州的；正式的,n. (State)人名；(罗、瑞典)斯塔特；(英)斯泰特",
year,n. 年；年度；历年；年纪；一年的期间；某年级的学生,
day,"n. 一天；时期；白昼,adv. 每天；经常在白天地,adj. 日间的；逐日的,n. (Day)人名；(英、法、西)戴；(越)岱；(阿拉伯、土)达伊",
into,"prep. 到…里；深入…之中；成为…状况；进入到…之内,n. (Into)人名；(芬、英)因托",
email,"n. 电子信函,vt. 给…发电子邮件,n. (Email)人名；(法)埃马伊",
two,"n. 两个,adj. 两个的,num. 二",
health,n. 健康；卫生；保健；兴旺,
n,n. 英语字母的第十四个字母,
world,n. 世界；领域；世俗；全人类；物质生活,
re,"prep. 再，重新,abbr. 修订版（revised edition）；回复，答复（reply）,n. (Re)人名；(英、意、塞)雷",
next,"adv. 然后；下次；其次,adj. 下一个的；其次的；贴近的,n. 下一个,prep. 靠近；居于…之后",
used,"adj. 习惯的；二手的，使用过的,v. 用（use的过去式）；（used to）过去常做",
go,"vi. 走；达到；运转；趋于,n. 去；进行；尝试,vt. 忍受；出产；以…打赌,[复数 goes 第三人称单数 goes 过去式 went 过去分词 gone 现在分词 going]",
work,"n. 工作；[物] 功；产品；操作；职业；行为；事业；工厂；著作；文学、音乐或艺术作品,vt. 使工作；操作；经营；使缓慢前进,vi. 工作；运作；起作用,n. （英、埃塞）沃克（人名）",
last,"n. 末尾，最后；上个；鞋楦（做鞋的模型）,adj. 最后的；最近的，最新的；仅剩的；最不可能…的,vi. 持续；维持，够用；持久,vt. 度过，拖过；使维持,adv. 最后地；上次，最近；最后一点,n. (Last)人名；(英、德、葡、罗、瑞典)拉斯特",
most,"adv. 最；非常，极其；最多；几乎,adj. 大部分的，多数的；最多的,n. 大部分，大多数,n. (Most)人名；(德、俄、法、芬、捷、英)莫斯特",
products,n. [经] 产品；商品（product的复数）,
music,n. 音乐，乐曲,
buy,"vt. 购买；获得；贿赂,vi. 买，采购,n. 购买，买卖；所购的物品,n. (Buy)人名；(法)比伊",
data,"n. 数据（datum的复数）；资料,n. (Data)人名；(日)驮太 (姓)；(印、葡)达塔",
make,"vt. 使得；进行；布置，准备，整理；制造；认为；获得；形成；安排；引起；构成,vi. 开始；前进；增大；被制造,n. 制造；构造；性情,n. (Make)人名；(塞、南非)马克",
them,"pron. 他们；它们；她们,n. (Them)人名；(老)探",
should,aux. 应该；就；可能；将要,
product,n. 产品；结果；[数] 乘积；作品,
system,n. 制度，体制；系统；方法,
post,"n. 岗位；邮件；标杆,vt. 张贴；公布；邮递；布置,vi. 快速行进,n. (Post)人名；(英、西、捷、瑞典、荷)波斯特",
her,"pron. 她（she的宾格）；她的（she的所有格）；她（指某个国家；一艘船）,n. （法）埃尔（人名）",
city,"n. 城市，都市,adj. 城市的；都会的",
t,"symb. 氚（tritium）,n. 英语字母中的第二十个字母",
add,"vi. 加；增加；加起来；做加法,vt. 增加，添加；补充说；计算…总和,n. 加法，加法运算",
policy,n. 政策，方针；保险单,
number,"n. 数；（杂志等的）期；号码；数字；算术,vi. 计入；总数达到,vt. 编号；计入；数…的数目；使为数有限",
such,"adj. 这样的，如此的,n. (Such)人名；(英)萨奇；(德)祖赫",
please,"vt. 使喜欢；使高兴，使满意,vi. 讨人喜欢；令人高兴,int. 请（礼貌用语）",
available,adj. 可获得的；可购得的；可找到的；有空的,
copyright,"n. 版权，著作权,adj. 版权的；受版权保护的,vt. 保护版权；为…取得版权",
support,"vt. 支持，支撑，支援；扶持，帮助；赡养，供养,n. 支持，维持；支援，供养；支持者，支撑物",
message,"n. 消息；差使；启示；预言；广告词,vi. 报信，报告；[通信] 报文,vt. 通知",
after,"adv. 后来，以后,prep. 在……之后,conj. 在……之后,adj. 以后的",
best,"n. 最好的人，最好的事物；最佳状态,adj. 最好的,adv. 最好地,vt. 打败，胜过,n. (Best)人名；(英、西、德、葡、法)贝斯特",
software,n. 软件,
then,"adv. 然后；那么；于是；当时；此外,n. (Then)人名；(德)特恩",
good,"adj. 好的；优良的；愉快的；虔诚的,n. 好处；善行；慷慨的行为,adv. 好,n. (Good)人名；(英)古德；(瑞典)戈德",
video,"n. [电子] 视频；录像，录像机；电视,adj. 视频的；录像的；电视的,v. 录制",
well,"adv. 很好地；充分地；满意地；适当地,adj. 良好的；健康的；适宜的,n. 井；源泉,v. 涌出,,n. (Well)人名；(英、德、荷)韦尔",
d,n. 字母D,
where,"adv. 在哪里,pron. 哪里,conj. 在…的地方,n. 地点",
info,n. 信息；情报,
rights,n. [法] 权利；权限；认股权,
public,"adj. 公众的；政府的；公用的；公立的,n. 公众；社会；公共场所,n. (Public)人名；(英)帕布利克",
books,"n. 书籍（book的复数）；书评,v. 预订；领会（book的第三人称单数）；把…记载入册",
high,"adj. 高的；高级的；崇高的；高音调的,n. 高水平；天空；由麻醉品引起的快感；高压地带,adv. 高；奢侈地,n. (High)人名；(英)海伊",
school,"n. 学校；学院；学派；鱼群,vt. 教育",
through,"prep. 通过；穿过；凭借,adv. 彻底；从头至尾,adj. 直达的；过境的；完结的",
each,"adj. 每；各自的,adv. 每个；各自,pron. 每个；各自",
links,n. [计] 链接（link的复数）；沙地；沙丘,
she,"pron. 她（主格）；它（用来指雌性动物或国家、船舶、地球、月亮等）,n. 女人；雌性动物,n. (She)人名；(中)佘(普通话·威妥玛)",
review,"n. 回顾；复习；评论；检讨；检阅,vt. 回顾；检查；复审,vi. 回顾；复习功课；写评论",
order,"n. 命令；顺序；规则；[贸易] 定单,vt. 命令；整理；定购,vi. 命令；定货",
very,"adj. 恰好是，正是；甚至；十足的；特有的,adv. 非常，很；完全,n. (Very)人名；(英)维里",
privacy,n. 隐私；秘密；隐居；隐居处,
book,"n. 书籍；卷；账簿；名册；工作簿,vt. 预订；登记,n. (Book)人名；(中)卜(广东话·威妥玛)；(朝)北；(英)布克；(瑞典)博克",
items,"n. 项目；名目；所有物品（item的复数形式）,v. 记下（item的第三人称单数形式）；逐条记载",
company,"n. 公司；陪伴，同伴；连队,vi. 交往,vt. 陪伴,,n. (Company)人名；(西)孔帕尼；(英)康帕尼",
r,"n. 英语字母中的第十八个字母,abbr. 电阻（resistance）；比率（ratio）；医生处方（recipe）",
read,"vt. 阅读；读懂，理解,vi. 读；读起来,n. 阅读；读物,adj. 有学问的,n. (Read)人名；(英)里德",
group,"n. 组；团体,adj. 群的；团体的,vi. 聚合,vt. 把…聚集；把…分组",
sex,"n. 性；性别；性行为；色情,vt. 引起…的性欲；区别…的性别",
need,"n. 需要，要求；缺乏；必要之物,vt. 需要,vi. 需要",
many,"pron. 许多；许多人,adj. 许多的,n. (Many)人名；(法)马尼",
user,"n. 用户,n. 使用者,n. (User)人名；(土)乌塞尔",
said,"adj. 上述的，该,v. 说（say的过去式和过去分词）,n. (Said)人名；(西、塞、哈萨克、乌兹、吉尔、塔吉、土库、阿塞、阿拉伯)赛义德",
does,"v. 做；工作；有用（do的第三人称单数形式）,n. (Does)人名；(荷)杜斯",
set,"n. [数] 集合；一套；布景；[机] 装置,vt. 树立；点燃；点缀；,vi. (日,月)落沉；凝固；结果,adj. 固定的；规定的；固执的,n. (Set)人名；(瑞典)塞特；(俄)谢特",
under,"prep. 低于，少于；在...之下,adv. 在下面；在下方,adj. 下面的；从属的",
general,"adj. 一般的，普通的；综合的；大体的,n. 一般；将军，上将；常规,n. (General)人名；(英)杰纳勒尔",
research,"n. 研究；调查,vi. 研究；调查,vt. 研究；调查,[ 过去式 researched 过去分词 researched 现在分词 researching ]",
university,n. 大学；综合性大学；大学校舍,
january,n. 一月,
mail,"n. 邮件；邮政，邮递；盔甲,vt. 邮寄；给…穿盔甲,vi. 邮寄；寄出,n. (Mail)人名；(法)马伊",
full,"adj. 完全的，完整的；满的，充满的；丰富的；完美的；丰满的；详尽的,adv. 十分，非常；完全地；整整,vt. 把衣服缝得宽大,n. 全部；完整",
map,"vt. 映射；计划；绘制地图；确定基因在染色体中的位置,n. 地图；示意图；染色体图,vi. 基因被安置,n. (Map)人名；(法)马普",
reviews,"n. 综述；评论；复习（review的复数）；复核,v. 回顾；复习（review的三单形式）；检验",
program,"n. 程序；计划；大纲,vt. 用程序指令；为…制订计划；为…安排节目,vi. 编程序；安排节目；设计电脑程式",
life,n. 生活，生存；寿命,
know,"vt. 知道；认识；懂得,vi. 了解；熟悉；确信",
games,"n. 游戏；比赛（game的复数形式）；游戏程序,v. 赌博（game的第三人称单数）,n. (Games)人名；(英)盖姆斯",
way,"n. 方法；道路；方向；行业；习惯,adv. 大大地；远远地,adj. 途中的,n. (Way)人名；(中)见 Wei；(英、缅)韦",
days,"adv. 每天；在白天,n. 天（day的复数形式）；时期,n. (Days)人名；(英)戴斯",
management,n. 管理；管理人员；管理部门；操纵；经营手段,
p,"symb. 磷（phosphorus）,n. 字母P,abbr. 人员（personnel）；停车场（parking）",
part,"n. 部分；角色；零件；一些；片段,vt. 分离；分配；分开,vi. 断裂；分手,adv. 部分地,adj. 部分的,n. (Part)人名；(英、瑞典)帕特；(泰)巴；(法)帕尔",
could,"aux. 能够,v. 能（can的过去式）",
great,"adj. 伟大的，重大的；极好的，好的；主要的,n. 大师；大人物；伟人们",
united,adj. 一致的，统一的；团结的，和睦的,
hotel,"n. 旅馆，饭店；客栈,vt. 使…在饭店下榻,vi. 进行旅馆式办公,n. (Hotel)人名；(法)奥泰尔",
real,"adj. 实际的；真实的；实在的,adv. 真正地；确实地,n. 现实；实数,n. (Real)人名；(德、西、葡、法)雷亚尔；(英)里尔",
f,"n. 不及格；字母F,abbr. 华氏温标（Fahrenheit）",
item,"n. 条款，项目；一则；一件商品（或物品）,adj. 又，同上,v. 记下；逐条列出",
international,"n. 国际组织；国际体育比赛；外国居留者；国际股票,adj. 国际的；两国（或以上）国家的；超越国界的；国际关系的；世界的",
center,"n. 中心，中央；中锋；中心点,vi. 居中，被置于中心,vt. 集中，使聚集在一点；定中心,adj. 中央的，位在正中的,n. (Center)人名；(英)森特",
ebay,易趣（知名网上购物网站）；电子港湾,
must,"aux. 必须，一定；可以，应当；很可能,n. 绝对必要的事物；未发酵葡萄汁,n. (Must)人名；(匈)穆什特；(俄、瑞典)穆斯特",
store,"n. 商店；储备，贮藏；仓库,vt. 贮藏，储存,n. (Store)人名；(德)施托雷",
travel,"vi. 旅行；行进；步行；交往,vt. 经过；在…旅行,n. 旅行；游历；漫游",
made,"adj. 成功的；创造的,v. 做，使，安排（make的过去式和过去分词）,n. (Made)人名；(塞)马德",
development,n. 发展；开发；发育；住宅小区（专指由同一开发商开发的）；[摄] 显影,
report,"n. 报告；报道；成绩单,vt. 报告；报导；使报到,vi. 报告；报到；写报导,n. (Report)人名；(匈)雷波特",
off,"prep. 离开；脱落,adv. 切断；走开,adj. 远离的；空闲的",
member,n. 成员；会员；议员,
details,"n. 细节（detail的复数）；详细资料,v. 详细说明（detail的三单形式）",
line,"n. 路线，航线；排；绳,vt. 排成一行；划线于；以线条标示；使…起皱纹,vi. 排队；站成一排,n. (Line)人名；(英)莱恩；(俄)利涅",
terms,"n. 地位，关系；[法] 条款；术语；措辞；价钱（term的复数形式）,v. 把…称为（term的三单形式）",
before,"prep. 在…之前，先于,adv. 以前；在前,conj. 在…以前；在…之前",
hotels,"n. 酒店；旅馆（hotel的复数）；大饭店,v. 使…在饭店下榻；进行旅馆式办公（hotel的第三人称单数）,n. (Hotels)人名；(德)霍特尔斯",
did,v. 做（do的过去式）,
send,"vt. 发送，寄；派遣；使进入；发射,vi. 派人；寄信,n. 上升运动,n. (Send)人名；(德)森德",
right,"adj. 正确的；直接的；右方的,vi. 复正；恢复平稳,n. 正确；右边；正义,adv. 正确地；恰当地；彻底地,vt. 纠正,n. (Right)人名；(英)赖特",
type,"n. 类型，品种；模范；样式,vt. 打字；测定（血等）类型,vi. 打字,n. (Type)人名；(英)泰普",
because,conj. 因为,
local,"n. [计] 局部；当地居民；本地新闻,adj. 当地的；局部的；地方性的；乡土的",
those,"adj. 那些的,pron. 那些（that的复数）",
results,"n. 结果；成绩（result的复数）,v. 结果发生；终归（result的三单形式）",
office,n. 办公室；政府机关；官职；营业处,
education,n. 教育；培养；教育学,
national,"adj. 国家的；国民的；民族的；国立的,n. 国民",
car,"n. 汽车；车厢,n. (Car)人名；(土)贾尔；(法、西)卡尔；(塞)察尔",
design,"vt. 设计；计划；构思,n. 设计；图案,vi. 设计",
take,"vt. 拿，取；采取；接受（礼物等）；买，花费；耗费（时间等）,vi. 拿；获得,n. 捕获量；看法；利益，盈益；（入场券的）售得金额",
posted,"v. 贴出；通告（post的过去分词）；布置,adj. 有地位的；被通报的",
internet,n. 因特网,
address,"vt. 演说；从事；忙于；写姓名地址；向…致辞；与…说话；提出；处理,n. 地址；演讲；致辞；说话的技巧；称呼",
community,n. 社区；[生态] 群落；共同体；团体,
within,"prep. 在…之内,adv. 在内部,n. 里面",
states,"n. 州，国家（state的复数形式）,vt. 声明（state的第三人称单数形式）；陈述",
area,"n. 区域，地区；面积；范围,n. (Area)人名；(西)阿雷亚",
want,"vt. 需要；希望；应该；缺少,n. 需要；缺乏；贫困；必需品,vi. 需要；缺少",
phone,"n. 电话；耳机，听筒,vt. 打电话,vi. 打电话,n. (Phone)人名；(老、缅)蓬",
shipping,"n. [船] 船舶，船舶吨数；海运；运送,v. 运送，乘船（ship的ing形式）,n. (Shipping)人名；(英)希平",
reserved,adj. 保留的，预订的；缄默的，冷淡的，高冷的；包租的,
subject,"n. 主题；科目；[语] 主语；国民,adj. 服从的；易患…的；受制于…的,vt. 使…隶属；使屈从于…",
between,"prep. 在…之间,adv. 在中间",
forum,n. 论坛，讨论会；法庭；公开讨论的广场,
family,"n. 家庭；亲属；家族；子女；[生]科；语族；[化]族,adj. 家庭的；家族的；适合于全家的",
long,"n. 长时间；[语] 长音节；（服装的）长尺寸；长裤,adj. 长的；过长的；做多头的；长时间的；冗长的，长音,vi. 渴望；热望,adv. 长期地；始终,n. （英、法、德、瑞典）朗（人名）；（柬）隆（人名）",
based,"v. 立基于，以…为基础（base的过去式和过去分词）,adj. 有根基的",
code,"n. 代码，密码；编码；法典,vt. 编码；制成法典,vi. 指定遗传密码,n. (Code)人名；(英、法、西)科德",
show,"vt. 显示；说明；演出；展出,vi. 显示；说明；指示,n. 显示；表演；炫耀,n. (Show)人名；(中)邵(普通话·威妥玛)；(英)肖",
o,"int. 哦，啊（表示惊讶、痛苦、恐惧、赞叹等）,n. 零；英语字母中的第十五个字母,symb. 氧（oxygen）",
even,"adj. [数] 偶数的；平坦的；相等的,adv. 甚至；即使；还；实际上,vt. 使平坦；使相等,vi. 变平；变得可比较；成为相等,n. (Even)人名；(法)埃旺；(德)埃文；(英)埃文",
black,"adj. 黑色的；黑人的；邪恶的,n. 黑色；黑人；黑颜料,vt. 使变黑；把鞋油等涂在…上；把（眼眶）打成青肿,vi. 变黑,n. (Black)人名；(英、西)布莱克；(德、葡、捷)布拉克",
check,"vt. 检查，核对；制止，抑制；在…上打勾,vi. 核实，查核；中止；打勾；[象棋]将一军,n. <美>支票；制止，抑制；检验，核对,n. （英）切克（人名）",
special,"n. 特使，特派人员；特刊；特色菜；专车；特价商品,adj. 特别的；专门的，专用的",
prices,"n. [物价] 价格（price的复数）,v. 定…的价格；查明（price的第三人称单数）,n. (Prices)人名；(英)普赖西斯",
index,"n. 指标；指数；索引；指针,vi. 做索引,vt. 指出；编入索引中",
being,"n. 存在；生命；本质；品格,adj. 存在的；现有的",
women,n. 女人（woman的复数）,
much,"adv. 非常，很,adj. 大量的,n. 许多，大量,pron. 许多，大量,n. (Much)人名；(德)穆赫；(英)马奇",
sign,"n. 迹象；符号；记号；手势；指示牌,vi. 签署；签名,vt. 签署；示意",
file,"n. 文件；档案；文件夹；锉刀,vt. 提出；锉；琢磨；把…归档,vi. 列队行进；用锉刀锉,n. (File)人名；(匈、塞)菲莱",
link,"n. [计] 链环，环节；联系，关系,vt. 连接，连结；联合，结合,vi. 连接起来；联系在一起；将人或物连接或联系起来,n. (Link)人名；(英、德、塞、捷、匈、瑞典)林克",
open,"adj. 公开的；敞开的；空旷的；坦率的；营业着的,vi. 开始；展现,vt. 公开；打开,n. 公开；空旷；户外",
today,"adv. 今天；现今,n. 今天；现今,n. (Today)人名；(英)托迪",
technology,n. 技术；工艺；术语,
south,"n. 南方，南边；南部,adv. 在南方，向南方,adj. 南的，南方的,n. (South)人名；(老)苏；(英)索思",
case,"n. 情况；实例；箱,vt. 包围；把…装于容器中,n. (Case)人名；(英)凯斯；(西)卡塞；(法)卡斯",
project,"vi. 设计；计划；表达；投射,vt. 设计；计划；发射；放映,n. 工程；计划；事业",
same,"adj. 相同的；同一的；上述的（通常与the连用）；无变化的,pron. 同样的事物或人（通常与the连用）,adv. 同样地（通常与the连用）,n. (Same)人名；(意)萨梅",
pages,"n. 页数；青年侍从（page的复数）,v. 翻书；给…标页码；侍候；寻呼（page的三单形式）,n. （Pages）Pages文稿,n. （Pages）人名；(德)帕格斯；(西)帕赫斯",
version,n. 版本；译文；倒转术,
section,"n. 截面；部分；部门；地区；章节,vi. 被切割成片；被分成部分,vt. 把…分段；将…切片；对…进行划分",
own,"vt. 拥有；承认,vi. 承认,adj. 自己的；特有的,n. 自己的,n. (Own)人名；(阿拉伯)奥恩",
found,"vt. 创立，建立；创办,v. 找到（find的过去分词）",
sports,"n. 运动；运动会（sport的复数）；（报纸）体育版面；突变；娱乐,adj. 运动的；适用于运动的,v. 娱乐；戏弄（sport的第三人称单数）",
house,"n. 住宅；家庭；机构；议会；某种用途的建筑物,vt. 覆盖；给…房子住；把…储藏在房内,vi. 住,n. (House)人名；(英)豪斯",
related,"adj. 有关系的，有关联的；讲述的，叙述的,v. 叙述（relate过去式）",
security,"n. 安全；保证；证券；抵押品,adj. 安全的；保安的；保密的",
both,"adj. 两个的；两者的,adv. 并；又；两者皆,pron. 双方都；两者都,conj. 既…且…,n. (Both)人名；(德、罗、捷、南非、匈)博特",
g,n. 英语字母的第七个字母,
county,n. 郡，县,
american,"n. 美国人,adj. 美国的",
photo,n. 照片,
game,"n. 游戏；比赛,adj. 勇敢的,vi. 赌博,n. (Game)人名；(英)盖姆；(法)加姆；(西)加梅",
members,n. 成员；会员（member的复数）,
power,"n. 力量，能力；电力，功率；政权，势力；[数] 幂,vt. 激励；供以动力；使…有力量,vi. 快速前进,adj. 借影响有权势人物以操纵权力的,n. (Power)人名；(英、葡)鲍尔",
while,"conj. 虽然；然而；当……的时候,n. 一会儿；一段时间,vt. 消磨；轻松地度过",
care,"n. 关怀；照料；谨慎；忧虑,vi. 照顾；关心；喜爱；顾虑,vt. 在意；希望或喜欢,n. (Care)人名；(英)凯尔；(塞)察蕾",
network,n. 网络；广播网；网状物,
down,"adv. 向下，下去；在下面,adj. 向下的,n. 软毛，绒毛；[地质] 开阔的高地,prep. 沿着，往下,vt. 打倒，击败,vi. 下降；下去,n. (Down)人名；(英)唐",
computer,n. 计算机；电脑；电子计算机,
systems,n. 系统（system的复数形式）；体制，体系；制度,
three,"n. 三，三个,num. 三,adj. 三的，三个的",
total,"adj. 全部的；完全的；整个的,vt. 总数达,vi. 合计,n. 总数，合计,n. (Total)人名；(法、德)托塔尔",
place,"n. 地方；住所；座位,vt. 放置；任命；寄予,vi. 名列前茅；取得名次,n. (Place)人名；(罗)普拉切；(法)普拉斯；(英)普莱斯",
end,"n. 结束；目标；尽头；末端；死亡,vi. 结束，终止；终结,vt. 结束，终止；终结,n. (End)人名；(英、德)恩德",
following,"adj. 下面的；其次的，接着的,n. 下列事物；一批追随者,v. 跟随；沿行（follow的ing形式）",
download,vt. [计] 下载,
h,"n. 英语字母中的第八个字母，小写为h,symb. 氢（化学元素）",
him,"pron. 他（宾格）,n. (Him)人名；(东南亚国家华语)欣；(柬)亨；(中)谦(广东话·威妥玛)",
without,"prep. 没有；超过；在…外面,adv. 户外；在外面；没有或不显示某事物,n. 外部；外面",
per,"prep. 每；经；按照；每一,n. (Per)人名；(德、挪、丹、瑞典)佩尔",
access,"vt. 使用；存取；接近,n. 进入；使用权；通路",
think,"vt. 想；认为；想起；想像；打算,vi. 想；认为,n. 想；想法,adj. 思想的",
north,"n. 北，北方,adj. 北方的；朝北的,adv. 在北方，向北方",
resources,"n. [计][环境] 资源；物力（resource的复数）,v. 向…提供资金（resource的第三人称单数）",
current,"adj. 现在的；流通的，通用的；最近的；草写的,n. （水，气，电）流；趋势；涌流,n. (Current)人名；(英)柯伦特",
big,"adj. 大的；重要的；量大的,adv. 大量地；顺利；夸大地,n. (Big)人名；(土)比格",
media,n. 媒体；媒质（medium的复数）；血管中层；浊塞音；中脉,
law,"n. 法律；规律；法治；法学；诉讼；司法界,vi. 起诉；控告,vt. 控告；对…起诉,n. (Law)人名；(东南亚国家华语)刘；(英、缅、柬)劳",
control,"n. 控制；管理；抑制；操纵装置,vt. 控制；管理；抑制",
water,"n. 水；海水；雨水；海域，大片的水,vt. 使湿；供以水；给…浇水,vi. 加水；流泪；流口水,n. (Water)人名；(英)沃特",
history,n. 历史，历史学；历史记录；来历,
pictures,"n. 图片；绘画作品（picture的复数）；电影院,v. 画；设想；用图表示（picture的第三人称单数）",
size,"n. 大小；尺寸,adj. 一定尺寸的,vt. 依大小排列,vi. 可比拟",
art,"n. （包括雕塑、绘画、音乐等的） 艺术，美术；美术（作）品；艺品（作）品；（表演）艺术；技术，技巧；,adj. 艺术的；艺术品的；具有艺术性的,v. be的现在式单数第二人称形式，过时用法",
personal,"adj. 个人的；身体的；亲自的,n. 人事消息栏；人称代名词",
since,"conj. 因为；由于；既然；自…以来；自…以后,prep. 自…以来；自…以后,adv. 后来",
including,prep. 包含，包括,
guide,"n. 指南；向导；入门书,vt. 引导；带领；操纵,vi. 担任向导,n. (Guide)人名；(法、葡)吉德",
shop,"n. 商店；店铺,vt. 购物,vi. 购物；买东西",
directory,"n. [计] 目录；工商名录；姓名地址录,adj. 指导的；咨询的",
board,"n. 董事会；木板；甲板；膳食,vt. 上（飞机、车、船等）；用板盖上；给提供膳宿,vi. 寄宿,n. (Board)人名；(英、西)博德",
location,n. 位置（形容词locational）；地点；外景拍摄场地,
change,"vt. 改变；交换,n. 变化；找回的零钱,vi. 改变；兑换",
white,"adj. 白色的；白种的；纯洁的,n. 白色；洁白；白种人",
text,"n. [计] 文本；课文；主题,vt. 发短信",
small,"adj. 少的，小的；微弱的；几乎没有的；不重要的；幼小的,adv. 小小地；卑鄙地,n. 小件物品；矮小的人,n. (Small)人名；(英)斯莫尔",
rating,"n. 等级；等级评定；额定功率,v. 对…评价（rate的ing形式）,n. (Rating)人名；(德)拉廷",
rate,"n. 比率，率；速度；价格；等级,vt. 认为；估价；责骂,vi. 责骂；被评价,n. (Rate)人名；(法、塞)拉特",
government,n. 政府；政体；管辖,
children,n. 孩子们（child的复数）,
during,"prep. 在…的时候，在…的期间,n. (During)人名；(法)迪兰；(瑞典、利比)杜林",
return,"vt. 返回；报答,vi. 返回；报答,n. 返回；归还；回球,adj. 报答的；回程的；返回的",
students,n. （尤指大专院校的）学生（student的复数）,
shopping,"n. 购物，买东西,v. 购物（shop的ing形式）",
account,"n. 账户；解释；账目，账单；理由；描述,vi. 解释；导致；报账,vt. 认为；把…视为",
times,"prep. 乘以,v. 使…相乘（time的第三人称单数）,n. 时代（time的复数）；[数] 次数",
sites,"n. 网站（site的复数）；遗址，举办地点,v. 使...位于（site的单三形式）,n. (Sites)人名；(英)赛茨",
level,"n. 水平；标准；水平面,adj. 水平的；平坦的；同高的,vi. 瞄准；拉平；变得平坦,vt. 使同等；对准；弄平,n. (Level)人名；(法)勒韦尔",
digital,"adj. 数字的；手指的,n. 数字；键",
profile,"n. 侧面；轮廓；外形；剖面；简况,vt. 描…的轮廓；扼要描述,vi. 给出轮廓",
previous,"adj. 以前的；早先的；过早的,adv. 在先；在…以前",
form,"n. 形式，形状；形态，外形；方式；表格,vt. 构成，组成；排列，组织；产生，塑造,vi. 形成，构成；排列,n. (Form)人名；(英)福姆；(法、德)福尔姆",
events,"n. [计][物][数] 事件；项目（event的复数）,n. (Events)人名；(英)伊文茨",
love,"n. 恋爱；亲爱的；酷爱；喜爱的事物,vt. 喜欢；热爱；爱慕,vi. 爱,n. (Love)人名；(英)洛夫",
old,"adj. 陈旧的，古老的；年老的,n. 古时,n. (Old)人名；(英)奥尔德",
john,n. 厕所,
main,"n. 主要部分，要点；体力；总管道,adj. 主要的，最重要的；全力的,n. (Main)人名；(德)迈因；(西)马因；(英、法)梅因",
call,"vi. 呼叫；拜访；叫牌,vt. 呼叫；称呼；召集,n. 电话；呼叫；要求；访问,n. (Call)人名；(瑞典、罗)卡尔；(英)考尔",
image,"n. 影像；想象；肖像；偶像,vt. 想象；反映；象征；作…的像,n. (Image)人名；(法)伊马热",
department,n. 部；部门；系；科；局,
title,"n. 冠军；标题；头衔；权利；字幕,vt. 加标题于；赋予头衔；把…称为,adj. 冠军的；标题的；头衔的",
description,n. 描述，描写；类型；说明书,
non,"adv. 非，不,n. 投反对票的人，反对票,n. (Non)人名；(柬)嫩；(俄)诺恩",
k,"n. 字母k,abbr. 千（kilo-）",
insurance,n. 保险；保险费；保险契约；赔偿金,
another,"adj. 又一，另一；另外的；不同的,pron. 另一个；又一个,prep. 另一个；另一个人",
why,"int. 哎呀！什么？,adv. 为什么",
shall,aux. 应；会；将；必须,
property,n. 性质，性能；财产；所有权,
class,"n. 阶级；班级；种类；班；等级,vt. 分类；把…分等级；把…归入某等级，把…看作（或分类、归类）；把…编入某一班级,adj. 极好的；很好的，优秀的，出色的,vi. 属于…类（或等级），被列为某类（或某级）,n. （英、德）克拉斯（人名）",
still,"adv. 仍然；更；静止地,adj. 静止的，不动的；寂静的，平静的；不起泡的,n. 寂静；剧照；蒸馏室,conj. 仍然；但是；尽管如此,vt. 蒸馏；使…静止；使…平静下来,vi. 静止；平静；蒸馏,n. (Still)人名；(英、芬、瑞典)斯蒂尔；(德)施蒂尔",
money,"n. 钱；货币；财富,n. (Money)人名；(英)莫尼；(西、法)莫内",
quality,"n. 质量，[统计] 品质；特性；才能,adj. 优质的；高品质的；<英俚>棒极了",
every,"adj. 每一的，每个的；每隔…的,n. (Every)人名；(英)埃夫里",
listing,"n. 列表，清单,v. 列表（list的现在分词）,n. (Listing)人名；(德)利斯廷",
content,"n. 内容，目录；满足；容量,adj. 满意的,vt. 使满足,n. (Content)人名；(法)孔唐",
country,"n. 国家，国土；国民；乡下，农村；乡村；故乡,adj. 祖国的，故乡的；地方的，乡村的；国家的；粗鲁的；乡村音乐的",
private,"adj. 私人的，私有的；私立的；私营的,adj. 私下的，不公开的，秘密的,adj. （场所）清静的；（人）不愿吐露心思的，内向的,adj. 无官职的,n. 列兵；二等兵",
little,"adj. 小的；很少的；短暂的；小巧可爱的,adv. 完全不,n. 少许；没有多少；短时间,n. (Little)人名；(英)利特尔",
visit,"n. 访问；参观；逗留,vt. 访问；参观；视察,vi. 访问；暂住；闲谈,n. (Visit)人名；(老)维西；(泰)威实",
save,"vt. 节省；保存；储蓄；解救,vi. 节省；挽救,prep. 除...之外,n. 救援,n. (Save)人名；(法)萨夫；(意、保、西、罗、塞、瑞典)萨薇 (女名)，萨韦",
tools,"n. [机] 工具，工具菜单；工具箱（tool的复数形式）,v. 用工具加工…（tool的第三人称单数形式）",
low,"adj. 低的，浅的；卑贱的；粗俗的；消沉的,adv. 低声地；谦卑地，低下地,n. 低；低价；低点；牛叫声,vi. 牛叫,n. (Low)人名；(英、德)洛",
reply,"vi. 回答；[法] 答辩；回击,n. 回答；[法] 答辩,vt. 回答；答复",
customer,n. 顾客；家伙,
december,n. 十二月,
compare,"n. 比较,vt. 比拟，喻为；[语]构成,vi. 相比，匹敌；比较，区别；比拟（常与to连用）,n. (Compare)人名；(意)孔帕雷",
movies,n. （美）[电影] 电影（movie的复数）,
include,vt. 包含，包括,
college,n. 大学；学院；学会,
value,"n. 值；价值；价格；重要性；确切涵义,vt. 评价；重视；估价",
article,"n. 文章；物品；条款；[语] 冠词,vt. 订约将…收为学徒或见习生；使…受协议条款的约束,vi. 签订协议；进行控告",
york,n. 约克郡；约克王朝,
man,"n. 人；男人；人类；丈夫；雇工,vt. 操纵；给…配置人员；使增强勇气；在…就位,n. (Man)人名；(俄)马恩；(英、葡、意、罗、捷、尼、老、缅、柬)曼；(日)万 (名)",
card,"n. 卡片；纸牌；明信片,vt. 记于卡片上,n. (Card)人名；(英)卡德",
jobs,n. 工作（job的复数形式）,
provide,"vt. 提供；规定；准备；装备,vi. 规定；抚养；作准备",
j,n. 字母j,
food,n. 食物；养料,
source,"n. 来源；水源；原始资料,n. (Source)人名；(法)苏尔斯",
author,"n. 作者；作家；创始人,vt. 创作出版",
different,adj. 不同的；个别的，与众不同的,
press,"vt. 压；按；逼迫；紧抱,vi. 压；逼；重压,n. 压；按；新闻；出版社；[印刷] 印刷机,n. (Press)人名；(英、德、俄、西、瑞典)普雷斯",
learn,"vt. 学习；得知；认识到,vi. 学习；获悉",
sale,"n. 销售；出售；拍卖；销售额；廉价出售,n. (Sale)人名；(意、塞、瑞典)萨莱；(英、萨摩)塞尔；(法)萨尔",
around,"adv. 大约；到处；在附近,prep. 四处；在…周围",
print,"n. 印刷业；印花布；印刷字体；印章；印记,vt. 印刷；打印；刊载；用印刷体写；在…印花样,vi. 印刷；出版；用印刷体写",
course,"n. 科目；课程；过程；进程；道路；路线，航向；一道菜,vt. 追赶；跑过,vi. 指引航线；快跑",
job,"n. 工作；职业,vt. 承包；代客买卖,vi. 做零工,n. (Job)人名；(英)乔布；(法、葡)若布；(?-1605)约伯〈俄〉俄罗斯正教会莫斯科牧首。；(德、塞、捷、荷、意)约布",
canada,n. 加拿大（北美洲国家）,
process,"vt. 处理；加工,n. 过程，进行；方法，步骤；作用；程序；推移,vi. 列队前进,adj. 经过特殊加工（或处理）的",
teen,"n. 青少年（等于teenager）；愤怒；悲哀,adj. 十几岁的（等于teenaged）",
room,"n. 房间；空间；余地；机会；房间里所有的人,vt. 为…提供住处；租房，合住；投宿，住宿；留…住宿,vi. 居住；住宿,n. （英）鲁姆（人名）；（俄）罗姆（人名）",
stock,"n. 股份，股票；库存；血统；树干；家畜,adj. 存货的，常备的；平凡的,vt. 进货；备有；装把手于…,vi. 囤积；办货；出新芽,n. (Stock)人名；(德、匈、捷)施托克；(英、法、葡、瑞典)斯托克",
training,"n. 训练；培养；瞄准；整枝,v. 训练；教养（train的ing形式）",
too,adv. 太；也；很；还；非常；过度,
credit,"n. 信用，信誉；[金融] 贷款；学分；信任；声望,vt. 相信，信任；把…归给，归功于；赞颂",
point,"n. 要点；得分；标点；[机] 尖端,vt. 指向；弄尖；加标点于,vi. 表明；指向,n. (Point)人名；(法)普安",
join,"vt. 参加；结合；连接,vi. 加入；参加；结合,n. 结合；连接；接合点,n. (Join)人名；(法)茹安",
science,"n. 科学；技术；学科；理科,n. (Science)人名；(英)赛恩斯",
men,"n. 男人，人类（man的复数）,n. (Men)人名；(日)面(姓)；(葡)梅恩；(柬)孟",
categories,n. 类别（category的复数）；分类,
advanced,"adj. 先进的；高级的；晚期的；年老的,v. 前进；增加；上涨（advance的过去式和过去分词形式）",
west,"n. 西；西方；西部,adj. 西方的；朝西的,adv. 在西方；向西方；自西方,n. (West)人名；(英、德、芬、瑞典)韦斯特",
sales,"adj. 销售的，售货的；有关销售的,n. 销售（sale的复数）；销售额,n. (Sales)人名；(意、西、葡)萨莱斯；(法)萨勒；(英)塞尔斯",
look,"vt. 看；期待；注意；面向；看上去像,vi. 看；看起来；注意；面向,n. 看；样子；面容,n. (Look)人名；(瑞典)洛克；(英)卢克",
left,"adj. 左边的；左派的；剩下的,adv. 在左面,n. 左边；左派；激进分子,v. 离开（leave的过去式）",
team,"n. 队；组,vt. 使合作,vi. 合作,n. (Team)人名；(柬)甸",
estate,n. 房地产；财产；身份,
box,"n. 箱，盒子；包厢；一拳,vi. 拳击,vt. 拳击；装…入盒中；打耳光,n. (Box)人名；(英、法、西)博克斯",
select,"vt. 挑选；选拔,adj. 精选的；挑选出来的；极好的,vi. 挑选,n. 被挑选者；精萃",
photos,"n. 照片，图片；相册（photo的复数形式）,v. 为…拍照（photo的第三人称单数形式）",
gay,"adj. 快乐的；放荡的；艳丽的,n. 同性恋者,n. (Gay)人名；(西)加伊；(英、法、瑞典、毛里塔)盖伊",
thread,"n. 线；螺纹；思路；衣服；线状物；玻璃纤维；路线,vt. 穿过；穿线于；使交织,vi. 通过；穿透过",
week,n. 周，星期,
category,n. 种类，分类；[数] 范畴,
note,"n. 笔记；音符；票据；注解；纸币；便笺；照会；调子,vt. 注意；记录；注解,n. (Note)人名；(英)诺特",
live,"adj. 活的；生动的；实况转播的；精力充沛的,vt. 经历；度过,vi. 活；居住；生存,,n. (Live)人名；(法)利夫",
large,"adj. 大的；多数的；广博的,adv. 大大地；夸大地,n. 大,n. (Large)人名；(英)拉奇；(法)拉尔热",
gallery,"n. 画廊；走廊；旁听席；地道,vt. 在…修建走廊；在…挖地道,vi. 挖地道,n. (Gallery)人名；(英)加勒里",
table,"n. 桌子；表格；平地层,vt. 制表；搁置；嵌合,adj. 桌子的,n. (Table)人名；(罗)塔布莱",
register,"vt. 登记；注册；记录；挂号邮寄；把…挂号；正式提出,vi. 登记；注册；挂号,n. 登记；注册；记录；寄存器；登记簿,n. (Register)人名；(英)雷吉斯特",
however,"adv. 无论如何；不管怎样（接副词或形容词）；然而；可是,conj. 无论以何种方式; 不管怎样",
june,n. 六月；琼（女名）,
october,n. [天] 十月,
november,n. 十一月,
market,"n. 市场；行情；股票市场；市面；集市；销路；商店,vt. 在市场上出售,vi. 做买卖,n. (Market)人名；(塞)马尔凯特",
library,n. 图书馆，藏书室；文库,
really,adv. 实际上，事实上；真正地，真实地；真的吗？（表语气）,
action,"n. 行动；活动；功能；战斗；情节,n. (Action)人名；(英)埃克申",
start,"vt. 开始；启动,vi. 出发,n. 开始；起点",
series,n. 系列，连续；[电] 串联；级数；丛书,
model,"n. 模型；典型；模范；模特儿；样式,vt. 模拟；塑造；模仿,vi. 做模型；做模特儿,adj. 模范的；作模型用的,n. (Model)人名；(德、俄、英)莫德尔",
features,"n. 产品特点，特征；容貌；嘴脸（feature的复数）,v. 是…的特色，使突出（feature的第三人称单数）",
air,"n. 空气，大气；天空；样子；曲调,vt. 使通风，晾干；夸耀,vi. 通风",
industry,n. 产业；工业；勤勉,
plan,"n. 计划；平面图,vt. 计划；设计；打算,vi. 计划；打算,n. (Plan)人名；(瑞典)普兰；(法)普朗",
human,"adj. 人的；人类的,n. 人；人类,n. (Human)人名；(英)休曼",
provided,"conj. 假如；倘若,v. 提供；给予（provide的过去式）",
tv,abbr. 电视（television）,
yes,"adv. 是, 是的,n. 是（表示肯定）",
required,"adj. 必需的；（美）必修的,v. 需要（require的过去式及过去分词形式）；要求",
second,"n. 秒；第二名；瞬间；二等品,vt. 支持,adj. 第二的；次要的；附加的,num. 第二,adv. 第二；其次；居第二位,n. (Second)人名；(法)塞孔",
hot,"adj. 热的；辣的；热情的；激动的；紧迫的,adv. 热；紧迫地,vi. 变热,vt. 增加；给…加温,n. (Hot)人名；(塞)霍特；(法)奥特",
cost,"vt. 花费；使付出；使花许多钱；估价，估算成本,vi. 花费,n. 费用，代价，成本；损失",
movie,"n. 电影；电影院；电影业,adj. 电影的",
march,"vi. （坚定地向某地）前进；行军，进军；游行示威；进展，进行,vt. 使前进；使行军,n. 行进，前进；行军；游行示威；进行曲",
la,"n. 全音阶中的第6个音；A音的唱名,n. (La)人名；(中)辣(广东话·威妥玛)；(越)罗；(朝)罗；(缅、老)拉",
september,n. 九月,
better,"n. 长辈；较好者；打赌的人（等于bettor）,adv. 更好的；更多的；较大程度地,adj. 较好的,vt. 改善；胜过,vi. 变得较好,n. (Better)人名；(西、瑞典、德)贝特尔",
say,"vt. 讲；说明；例如；声称；假设；指明,vi. 讲；表示；念；假定；背诵,,n. (Say)人名；(土)萨伊；(法、老、柬)赛；(英)塞伊；(匈、罗)绍伊",
questions,"n. [数] 问题（question的复数）,v. 质疑（question的第三人称单数形式）",
july,n. 七月,
going,"n. 行为；离去；工作情况；地面状况,adj. 流行的；进行中的；现存的,v. 前进；出发；运转（go的ing形式）,n. (Going)人名；(英)戈因",
medical,"adj. 医学的；药的；内科的,n. 医生；体格检查",
test,"n. 试验；检验,vt. 试验；测试,vi. 试验；测试,n. (Test)人名；(英)特斯特",
friend,"n. 朋友；助手；赞助者,n. (Friend)人名；(英)弗兰德",
come,"vi. 来；开始；出现；发生；变成；到达,vt. 做；假装；将满（…岁）,int. 嗨！,n. (Come)人名；(英)科姆；(阿尔巴)乔梅",
dec,abbr. 数位计算设备公司（Digital Equipment Corporation）；数字设备公司（Data Equipment Company）；直接能量转换（Direct Energy Conversion）,
server,"n. 发球员；服伺者；服勤者；伺候者,n. (Server)人名；(土)塞尔韦尔",
study,"n. 学习，研究；课题；书房；学问,vt. 学习；考虑；攻读；细察,vi. 研究；用功,n. (Study)人名；(英)斯塔迪",
application,n. 应用；申请；应用程序；敷用；（对事物、学习等）投入,
cart,"n. 二轮运货马车,vt. 用车装载,vi. 驾运货马车；用运货车运送,n. (Cart)人名；(法)卡尔；(英、芬)卡特",
staff,"n. 职员；参谋；棒；支撑,adj. 职员的；行政工作的,vt. 供给人员；给…配备职员,vi. 雇用工作人员,n. (Staff)人名；(德、匈)施塔夫；(瑞典、英)斯塔夫",
articles,"n. [语] 文章；物品；[法] 条款（article的复数）；[语] 冠词,v. 使受协议条款的约束；指控（article的三单形式）",
feedback,n. 反馈；成果，资料；回复,
again,"adv. 又，此外；再一次；再说；增加,n. （英、保）阿盖恩",
play,"vt. 游戏；扮演；演奏；播放；同…比赛,vi. 演奏；玩耍；上演；参加比赛,n. 游戏；比赛；剧本,n. (Play)人名；(法、瑞典)普莱",
looking,adj. 有…相貌的；有…样子的,
issues,"n. 议题，问题；债券（issue的复数）；争点,v. 发行（issue的第三人称单数）；分发；流出",
april,n. 四月,
never,adv. 从未；决不,
users,n. 使用者；受限用户（user的复数）,
complete,"adj. 完整的；完全的；彻底的,vt. 完成",
street,"n. 街道,adj. 街道的,n. (Street)人名；(英、葡)斯特里特；(德)施特雷特",
topic,n. 主题（等于theme）；题目；一般规则；总论,
comment,"n. 评论；意见；批评；描述,vt. 发表评论；发表意见,vi. 为…作评语,n. (Comment)人名；(德)科门特；(法)科芒",
financial,adj. 金融的；财政的，财务的,
things,n. 事物（thing的复数形式）；用品；形势,
working,"adj. 工作的；操作的；可行的,n. 工作；活动；制作；操纵,v. 工作；影响；受雇用（work的ing形式）,n. (Working)人名；(英)沃金",
against,"prep. 反对，违反；靠；倚；防备,adj. 不利的；对立的",
standard,"n. 标准；水准；旗；度量衡标准,adj. 标准的；合规格的；公认为优秀的,n. (Standard)人名；(英)斯坦达德；(德)施坦达德",
tax,"vt. 向…课税；使负重担,n. 税金；重负,n. (Tax)人名；(英、匈、捷)塔克斯",
person,"n. 人；身体；容貌，外表；人称,n. (Person)人名；(法、俄、德)佩尔松；(瑞典)佩尔松；(英)珀森",
below,"adv. 在下面，在较低处；在本页下面,prep. 在…下面,n. (Below)人名；(英、德、芬、瑞典)贝洛",
mobile,"adj. 可移动的；机动的；易变的；非固定的,n. 移动电话",
less,"adv. 较少地；较小地；更小地,adj. 较少的；较小的,prep. 减去,n. 较少；较小,n. (Less)人名；(德、意、匈、芬)莱斯",
got,"v. 得到，明白（get的过去式和过去分词）,n. (Got)人名；(法)戈；(西、匈、瑞典)戈特",
blog,n. 博客；部落格；网络日志,
party,"n. 政党，党派；聚会，派对；当事人 [复数 parties],vi. 参加社交聚会 [ 过去式 partied 过去分词 partied 现在分词 partying ]",
payment,n. 付款，支付；报酬，报答；偿还；惩罚，报应,
equipment,n. 设备，装备；器材,
login,"n. [计] 进入系统,vt. [计] 登录；注册,vi. [计] 登录；注册,n. (Login)人名；(英、俄、匈、罗)洛金",
student,"n. 学生；学者,n. (Student)人名；(德)施图登特",
let,"vt. 允许，让；出租；假设；妨碍,vi. 出租；被承包,n. 障碍；出租屋,n. (Let)人名；(缅)莱；(俄)莱特",
programs,"n. [计] 程序，程序集；所有程式（program的复数）,v. 规划（program的第三人称单数）；为…提供生物程序",
legal,"adj. 法律的；合法的；法定的；依照法律的,n. (Legal)人名；(法)勒加尔",
above,"prep. 超过；在……上面；在……之上,adv. 在上面；在上文,adj. 上文的,n. 上文",
recent,adj. 最近的；近代的,
park,"n. 公园；[交] 停车场,vt. 停放；放置；寄存,vi. 停放车辆,n. (Park)人名；(英、芬、瑞典)帕克",
side,"n. 方面；侧面；旁边,vi. 支持；赞助；偏袒,adj. 旁的，侧的,vt. 同意，支持,n. (Side)人名；(英)赛德",
act,"n. 行为，行动；法案，法令；假装；（戏剧，歌剧等）一幕,v. 做事，行动；假装；扮演（戏剧，电影中的角色）；充当，起作用；对…有影响,n. (ACT)美国大学入学考试，全称是American College Testing",
problem,"n. 难题；引起麻烦的人,adj. 成问题的；难处理的",
red,"n. 红色，红颜料；赤字,adj. 红色的；红肿的，充血的,n. (Red)人名；(英、德)雷德",
give,"vt. 给；产生；让步；举办；授予,n. 弹性；弯曲；伸展性,vi. 捐赠；面向；有弹性；气候转暖,n. (Give)人名；(意)吉韦",
memory,"n. 记忆，记忆力；内存，[计] 存储器；回忆,n. (Memory)人名；(英)梅默里",
performance,n. 性能；绩效；表演；执行；表现,
social,"adj. 社会的，社交的；群居的,n. 联谊会；联欢会",
q,"abbr. 女王，王后（Queen）,n. 字母q",
august,"adj. 威严的；令人敬畏的,n. (August) 八月（简写为Aug）,n. (August)人名；(法、葡、西、俄、罗、英、德、瑞典、挪)奥古斯特",
quote,"vt. 报价；引述；举证,vi. 报价；引用；引证,n. 引用",
language,n. 语言；语言文字；表达能力,
story,"n. 故事；小说；新闻报道；来历；假话,vt. 用历史故事画装饰,vi. 说谎,n. (Story)人名；(英)斯托里",
sell,"vt. 销售；推销；出卖；欺骗,vi. 卖；出售；受欢迎；有销路,n. 销售；失望；推销术,n. (Sell)人名；(德)泽尔；(英、芬、瑞典)塞尔",
options,"n. 选择；期权；[计] 选择项（option的复数）,v. 给予…的销售权；为…提供选择供应的附件（option的三单形式）",
experience,"n. 经验；经历；体验,vt. 经验；经历；体验",
rates,"n. 价格；[数] 比率；等级（rate的复数形式）,v. 认为，看做（rate的第三人称单数形式）；评估；给…估价,n. (Rates)人名；(西)拉特斯",
create,vt. 创造，创作；造成,
key,"n. （打字机等的）键；关键；钥匙,vt. 键入；锁上；调节…的音调；提供线索,vi. 使用钥匙,adj. 关键的,n. (Key)人名；(英)基；(德、荷、瑞典)凯",
body,"n. 身体；主体；大量；团体；主要部分,vt. 赋以形体,n. (Body)人名；(英、法、罗)博迪",
young,"adj. 年轻的；初期的；没有经验的,n. 年轻人；（动物的）崽，仔,n. (Young)人名；(中)杨(广东话·威妥玛)；(柬)永；(英、葡)扬",
important,adj. 重要的，重大的；有地位的；有权力的,
field,"n. 领域；牧场；旷野；战场；运动场,vi. 担任场外队员,adj. 扫描场；田赛的；野生的,vt. 把暴晒于场上；使上场,n. (Field)人名；(英、法、德、葡)菲尔德",
few,"adj. 很少的；几乎没有的,pron. 很少,n. 很少数,n. (Few)人名；(英)菲尤",
east,"n. 东方；东风；东方国家,adj. 东方的；向东的；从东方来的,adv. 向东方，在东方,n. (East)人名；(英)伊斯特",
paper,"n. 纸；论文；文件；报纸,adj. 纸做的,vt. 用纸糊；用纸包装,vi. 贴糊墙纸；发交通违章传票,n. (Paper)人名；(俄)帕佩尔",
single,"adj. 单一的；单身的；单程的,n. 一个；单打；单程票,vt. 选出,vi. 击出一垒安打",
age,"n. 年龄；时代；寿命，使用年限；阶段,vi. 成熟；变老,vt. 使成熟；使变老，使上年纪,n. (Age)人名；(瑞典)阿格；(日)扬 (姓)；(西、荷)阿赫",
activities,n. （activity复数形式）活动；活动区；活动性,
club,"n. 俱乐部，社团；夜总会；棍棒；（扑克牌中的）梅花,vt. 用棍棒打；募集,vi. 集资；组成俱乐部,adj. 俱乐部的,n. (Club)人名；(英)克拉布",
example,"n. 例子；榜样,vt. 作为…的例子；为…做出榜样,vi. 举例",
additional,adj. 附加的，额外的,
password,n. 密码；口令,
z,n. 英语字母表的第二十六个字母，小写为 z,
latest,"adv. 最迟地；最后地,n. 最新的事物,adj. 最新的，最近的；最迟的，最后的",
something,"pron. 某事；某物,n. 重要的人；值得重视的事,adv. 非常；有点；大约,adj. 大约；有点象",
road,"n. 公路，马路；道路；手段,vt. （狗）沿臭迹追逐（猎物）,adj. （美）巡回的,n. (Road)人名；(英)罗德",
gift,"n. 礼物；天赋；赠品,vt. 赋予；向…赠送,n. (Gift)人名；(英)吉夫特",
question,"n. 问题，疑问；询问；疑问句,vt. 询问；怀疑；审问,vi. 询问；怀疑；审问",
changes,"n. 变化，改变（change的复数）,v. 改变；交换（change的第三人称单数形式）",
night,"n. 夜晚，晚上；黑暗，黑夜,adj. 夜晚的，夜间的",
ca,abbr. 大约，接近于（circa）,
hard,"adj. 努力的；硬的；困难的；辛苦的；确实的；严厉的；猛烈的；冷酷无情的,adv. 努力地；困难地；辛苦地；接近地；猛烈地；牢固地,n. （Hard）人名；(英、芬、瑞典)哈德",
oct,abbr. 十月（October）,
pay,"vt. 支付，付；偿还，补偿；给予,vi. 付款；偿还,n. 工资，薪水；付款；报答,adj. 收费的；需付费的",
four,"num. 四；四个,adj. 四的；四个的,n. (Four)人名；(西)福尔；(法)富尔",
poker,"n. 拨火棍；纸牌戏；（用棍）戳的人,vt. 烙制",
status,n. 地位；状态；情形；重要身份,
browse,"vt. 浏览；吃草,vi. 浏览；吃草；漫不经心地看商品,n. 浏览；吃草；嫩草，嫩叶,n. (Browse)人名；(英)布劳斯",
issue,"n. 问题；流出；期号；发行物,vt. 发行，发布；发给；放出，排出,vi. 发行；流出；造成…结果；传下",
range,"n. 范围；幅度；排；山脉,vi. （在...内）变动；平行，列为一行；延伸；漫游；射程达到,vt. 漫游；放牧；使并列；归类于；来回走动",
building,"n. 建筑；建筑物,v. 建筑；建立；增加（build的ing形式）",
seller,"n. 卖方，售货员,n. (Seller)人名；(匈)谢勒；(西)塞列尔",
court,"n. 法院；球场；朝廷；奉承,vt. 招致（失败、危险等）；向…献殷勤；设法获得,vi. 求爱,n. (Court)人名；(英)考特；(法)库尔",
february,n. 二月,
always,adv. 永远，一直；总是；常常,
result,"n. 结果；成绩；答案；比赛结果,vi. 结果；导致；产生",
audio,adj. 声音的；[声] 音频的，[声] 声频的,
light,"n. 光；光线；灯；打火机；领悟；浅色；天窗,adj. 轻的；浅色的；明亮的；轻松的；容易的；清淡的,vi. 点着；变亮；着火,vt. 照亮；点燃；着火,adv. 轻地；清楚地；轻便地,n. (Light)人名；(英)莱特",
write,"vi. 写，写字；写作，作曲；写信,vt. 写，书写；写信给；著述",
war,"n. 战争，斗争；军事，战术；冲突，对抗，竞争,vi. 打仗，作战；对抗",
nov,abbr. 十一月（November）,
offer,"vt. 提供；出价；试图,n. 提议；出价；意图；录取通知书,vi. 提议；出现；献祭；求婚",
blue,"n. 蓝色；[复数]（美国海、陆、空三军穿的）蓝色制服；蓝颜料；[the blue(s)][用作单数或复数]布鲁斯（歌曲）（一种伤感的美国黑人民歌,adj. 蓝色的；沮丧的，忧郁的；下流的,vt. 把…染成蓝色；使成蓝色；给…用上蓝剂；用上蓝剂于,vi. 变成蓝色，呈蓝色,n. （英、西、意）布卢（人名）",
groups,"n. 群组，组；团体（group的复数形式）；用户组,v. 分组，归类（group的第三人称单数）；聚合",
easy,"adj. 容易的；舒适的,adv. 不费力地，从容地,vi. 停止划桨,vt. 发出停划命令",
given,"adj. 赠予的；沉溺的；规定的,prep. 考虑到,v. 给予（give的过去分词）,n. (Given)人名；(英、土)吉文",
files,"n. [计] 文件；[图情][计] 文档（file的复数）,v. 提出（file的第三人称单数）；发送；汇订,n. (Files)人名；(英)法尔斯；(法)菲勒",
event,n. 事件，大事；项目；结果,
release,"vt. 释放；发射；让与；允许发表,n. 释放；发布；让与",
analysis,n. 分析；分解；验定,
request,"n. 请求；需要,vt. 要求，请求",
fax,"vt. 传真,n. 传真,n. (Fax)人名；(英、法)法克斯",
china,"n. 瓷器,adj. 瓷制的,n. China，中国,adj. China，中国的",
making,"n. 发展；制造；形成,v. 制作（make的现在分词）",
picture,"n. 照片，图画；影片；景色；化身,vt. 画；想像；描写",
needs,"adv. （只与must连用）必须地,n. 需要（need的复数）,v. 需要；必须；缺少（need的三单形式）",
possible,"adj. 可能的；合理的；合适的,n. 可能性；合适的人；可能的事物",
might,"n. 力量；威力；势力,v. 可以；或许（may的过去式）；应该,aux. 可能；也许,n. (Might)人名；(英)迈特",
professional,"adj. 专业的；职业的；职业性的,n. 专业人员；职业运动员",
yet,"adv. 还；但是；已经,conj. 但是；然而,n. (Yet)人名；(东南亚国家华语)一",
month,n. 月，一个月的时间,
major,"adj. 主要的；重要的；主修的；较多的,n. [人类] 成年人；主修科目；陆军少校,vi. 主修,n. (Major)人名；(西)马霍尔；(法)马若尔；(捷、德、塞、瑞典)马约尔；(英)梅杰",
star,"n. 星，恒星；明星；星形物,vt. 用星号标于；由…主演，由…担任主角,vi. 担任主角,adj. 明星的，主角的；星形的,n. (Star)人名；(瑞典)斯塔尔；(德)施塔尔",
areas,n. 区域，领域；面积（area的复数形式）,
future,"n. 未来；前途；期货；将来时,adj. 将来的，未来的",
space,"n. 空间；太空；距离,vi. 留间隔,vt. 隔开",
committee,n. 委员会,
hand,"n. 手，手艺；帮助；指针；插手,vt. 传递，交给；支持；搀扶,n. (Hand)人名；(英、瑞典)汉德",
sun,"n. 太阳,vt. 使晒,vi. 晒太阳,n. (Sun)人名；(中)孙(普通话·威妥玛)；(柬)孙；(缅)素；(土)松",
problems,n. [数] 问题；难题（problem的复数）,
london,n. 伦敦,
washington,n. 华盛顿（美国州名，美国城市名，美国第一任总统，姓氏）,
meeting,"n. 会议；会见；集会；汇合点,v. 会面；会合（meet的ing形式）",
become,"vi. 成为；变得；变成,vt. 适合；相称",
interest,"n. 兴趣，爱好；利息；利益；趣味；同行,vt. 使……感兴趣；引起……的关心；使……参与",
id,"n. 遗传素质；本能冲动,n. (Id)人名；(阿拉伯)埃德；(芬)[心理] 伊德",
child,"n. 儿童，小孩，孩子；产物；子孙；幼稚的人；弟子,n. （英）蔡尔德（人名）",
keep,"vt. 保持；经营；遵守；饲养,vi. 保持；继续不断,n. 保持；生计；生活费,n. (Keep)人名；(英)基普",
enter,"vt. 进入；开始；参加,vi. 参加，登场；进去,n. [计] 输入；回车,n. (Enter)人名；(英)恩特",
california,n. 加利福尼亚（美国一个州）,
porn,"n. 色情描写，色情文学；黄色书刊，色情照片（等于pornography）,n. (Porn)人名；(泰、柬)蓬",
share,"vt. 分享，分担；分配,vi. 共享；分担,n. 份额；股份,n. (Share)人名；(阿拉伯)沙雷",
similar,"adj. 相似的,n. 类似物",
garden,"n. 花园；菜园,vt. 栽培花木,vi. 从事园艺；在园中种植,n. (Garden)人名；(英、意、巴基)加登",
million,"n. 百万；无数,adj. 百万的；无数的,num. 百万,n. (Million)人名；(法、罗、埃塞)米利翁",
added,"adj. 更多的；额外的,v. 增加（add的过去分词）",
reference,"n. 参考，参照；涉及，提及；参考书目；介绍信；证明书,vi. 引用,vt. 引用",
companies,"n. 公司，企业；伙伴（company的复数形式）；公司财产,v. 陪伴，伴随（company的三单形式）",
listed,"adj. 列出的；表列的；已登录的,v. 列出；登记（list的过去分词）",
baby,"n. 婴儿，婴孩；孩子气的人,vt. 纵容，娇纵；把……当婴儿般对待,adj. 婴儿的；幼小的,n. (Baby)人名；(法、葡)巴比；(英)巴比，芭比(女名)；(俄)巴贝",
learning,"n. 学习；学问,v. 学习（learn的现在分词）",
energy,n. [物] 能量；精力；活力；精神,
run,"vi. 经营；奔跑；运转,vt. 管理，经营；运行；参赛,n. 奔跑；赛跑；趋向；奔跑的路程,n. (Run)人名；(塞)鲁恩",
delivery,n. [贸易] 交付；分娩；递送,
net,"n. 网；网络；净利；实价,vi. 编网,vt. 得到；净赚；用网捕,adj. 纯粹的；净余的,n. (Net)人名；(法)内",
popular,adj. 流行的，通俗的；受欢迎的；大众的；普及的,
term,"n. 术语；学期；期限；条款；(代数式等的)项,vt. 把…叫做,n. (Term)人名；(泰)丁",
film,"n. 电影；薄膜；胶卷；轻烟,vt. 在…上覆以薄膜；把…拍成电影,vi. 摄制电影；生薄膜；变得朦胧",
stories,n. 故事（story的复数）,
put,"vt. 放；表达；移动；安置；赋予,vi. 出发；击；航行；发芽,n. 掷；笨蛋；投击；怪人,adj. 固定不动的,n. (Put)人名；(泰、缅)布",
journal,n. 日报，杂志；日记；分类账,
reports,"n. 报告（report的复数）；[统计][计] 报表；专题,v. 报告；记录（report的三单形式）；传达",
co,"abbr. 一氧化碳（carbon monoxide）；哥伦比亚（Colombia）；现付票（Cash Order）；货源证书（Certificate of Origin）,n. (Co)人名；(中)措(藏语·汉语拼音)",
try,"vt. 试图，努力；试验；审判；考验,vi. 尝试；努力；试验,n. 尝试；努力；试验,n. (Try)人名；(英、印尼)特里；(柬)德里",
welcome,"adj. 受欢迎的,n. 欢迎,vt. 欢迎,int. 欢迎,n. (Welcome)人名；(英)韦尔科姆",
central,"adj. 中心的；主要的；中枢的,n. 电话总机",
president,n. 总统；董事长；校长；主席,
notice,"n. 通知，布告；注意；公告,vt. 通知；注意到；留心,vi. 引起注意",
god,"n. 神；（大写首字母时）上帝,vt. 膜拜，崇拜,n. (God)人名；(索、阿拉伯)古德",
original,"n. 原件；原作；原物；原型,adj. 原始的；最初的；独创的；新颖的",
head,"n. 头；头痛；上端；最前的部分；理解力,vt. 前进；用头顶；作为…的首领；站在…的前头；给…加标题,vi. 出发；成头状物；船驶往,adj. 头的；主要的；在顶端的,n. (Head)人名；(英)黑德",
radio,"n. 收音机；无线电广播设备,vi. 用无线电进行通信,vt. 用无线电发送,n. (Radio)人名；(西)拉迪奥",
until,"conj. 在…以前；直到…时,prep. 在…以前；到…为止",
cell,"n. 细胞；电池；蜂房的巢室；单人小室,vi. 住在牢房或小室中,n. (Cell)人名；(英)塞尔",
color,"n. 颜色；肤色；颜料；脸色,vt. 粉饰；给...涂颜色；歪曲,vi. 变色；获得颜色",
self,"n. 自己，自我；本质；私心,adj. 同一的,vt. 使自花授精；使近亲繁殖,vi. 自花授精,n. (Self)人名；(英)塞尔夫",
council,"n. 委员会；会议；理事会；地方议会；顾问班子,n. (Council)人名；(英)康斯尔",
away,adv. 离去，离开；在远处,
includes,v. 包含；包住（include的三单形式）,
track,"n. 轨道；足迹，踪迹；小道,vt. 追踪；通过；循路而行；用纤拉,vi. 追踪；走；留下足迹",
australia,n. 澳大利亚，澳洲,
discussion,n. 讨论，议论,
archive,"n. 档案馆；档案文件,vt. 把…存档",
once,"adv. 一次；曾经,conj. 一旦,n. 一次，一回",
others,pron. 其他人,
entertainment,n. 娱乐；消遣；款待,
agreement,n. 协议；同意，一致,
format,"n. 格式；版式；开本,vt. 使格式化；规定…的格式,vi. 设计版式",
least,"adj. 最小的；最少的（little的最高级）,adv. 最小；最少,n. 最小；最少",
society,n. 社会；交往；社团；社交界,
months,月份（month的复数）,
log,"vi. 伐木,vt. 切；伐木；航行,n. 记录；航行日志；原木",
safety,n. 安全；保险；安全设备；保险装置；安打,
friends,n. 朋友( friend的名词复数 ),
sure,"adj. 确信的；可靠的；必定的,adv. 当然；的确,n. (Sure)人名；(英)休尔",
trade,"n. 贸易，交易；行业；职业,vi. 交易，买卖；以物易物,vt. 用…进行交换",
edition,"n. 版本,版次,集",
marketing,"n. 行销，销售,v. 出售；在市场上进行交易；使…上市（market的ing形式）",
tell,"vt. 告诉，说；辨别；吩咐；断定,vi. 讲述；告发，泄密；识别,n. (Tell)人名；(英、德、瑞典)特尔；(罗、意)泰尔；(阿拉伯)塔勒",
further,"adv. 进一步地；而且；更远地,adj. 更远的；深一层的,vt. 促进，助长；增进",
updated,"adj. 更新的；现代化的,v. 更新（update的过去式）",
association,n. 协会，联盟，社团；联合；联想,
able,"adj. 能；[经管] 有能力的；能干的,n. (Able)人名；(伊朗)阿布勒；(英)埃布尔",
having,"n. 所有；持有；占有,adj. 具有的；所有的,v. 有（have的ing形式）",
david,n. 大卫；戴维（男子名）,
fun,"n. 乐趣；玩笑；有趣的人或事,adj. 供娱乐用的,vi. 开玩笑",
already,adv. 已经，早已；先前,
green,"adj. 绿色的；青春的,n. 绿色；青春,vt. 使…变绿色,vi. 变绿色,n. (Green)人名；(英、意)格林；(瑞典、芬)格伦",
studies,"n. 研究；学习；学业（study的复数）,v. 学习（study的第三人称单数形式）",
close,"adj. 紧密的；亲密的；亲近的,vt. 关；结束；使靠近,vi. 关；结束；关闭,adv. 紧密地,n. 结束,n. (Close)人名；(西)克洛塞；(英、法)克洛斯",
common,"adj. 共同的；普通的；一般的；通常的,n. 普通；平民；公有地,n. (Common)人名；(法)科蒙；(英)康芒",
drive,"vi. 开车；猛击；飞跑,vt. 推动，发动（机器等）；驾驶（马车，汽车等）；驱赶,n. 驱动器；驾车；[心理] 内驱力，推进力；快车道",
specific,"adj. 特殊的，特定的；明确的；详细的；[药] 具有特效的,n. 特性；细节；特效药",
several,"adj. 几个的；各自的,pron. 几个；数个",
gold,"n. 金，黄金；金色；金币,adj. 金的，金制的；金色的,n. (Gold)人名；(英、法、德、西、罗、捷、瑞典)戈尔德",
living,"adj. 活的；现存的；活跃的；逼真的,n. 生活；生存；生计,v. 生活；居住（live的ing形式）；度过,n. (Living)人名；(英)利文",
sep,abbr. 九月（September）,
collection,n. 采集，聚集；[税收] 征收；收藏品；募捐,
called,"adj. 被呼叫的,v. 打电话、称呼（call的过去式）；[通信] 呼叫；访问",
short,"adj. 短的；不足的；矮的，低的,n. 短；缺乏；短路；短裤,adv. 不足；突然；唐突地,n. (Short)人名；(英)肖特",
arts,n. 文科,
lot,"n. 份额；许多；命运；阄,adv. （与形容词和副词连用）很，非常；（与动词连用）非常,pron. 大量，许多,vt. 分组，把…划分（常与out连用）；把（土地）划分成块,vi. 抽签，拈阄",
ask,"vt. 问，询问；要求；需要；邀请；讨价,vi. 问，询问；要求,n. (Ask)人名；(芬、瑞典)阿斯克",
display,"n. 显示；炫耀,vt. 显示；表现；陈列,vi. [动] 作炫耀行为,adj. 展览的；陈列用的",
limited,"adj. 有限的,n. 高级快车",
solutions,"n. 解决方案；应对措施；溶液剂（solution的复数）,v. 使粘接（solution的三单形式）；把溶液涂在…上",
means,"n. 手段；方法；财产,v. 意思是；打算（mean的第三人称单数） [ 复数means ]",
director,"n. 主任，主管；导演；人事助理,n. (Director)人名；(英)迪雷克托",
daily,"adj. 日常的；每日的,n. 日报；朝来夜去的女佣,adv. 日常地；每日；天天,n. (Daily)人名；(英)戴利",
beach,"n. 海滩；湖滨,vt. 将…拖上岸,vi. 搁浅；定居,n. (Beach)人名；(英)比奇",
past,"n. 过去；往事,adj. 过去的；结束的,prep. 越过；晚于,adv. 过；经过",
natural,"adj. 自然的；物质的；天生的；不做作的,n. 自然的事情；白痴；本位音,n. (Natural)人名；(西)纳图拉尔",
whether,"conj. 是否；不论,pron. 两个中的哪一个",
due,"adj. 到期的；预期的；应付的；应得的,n. 应付款；应得之物,adv. 正（置于方位词前）,n. (Due)人名；(英)迪尤",
et,conj. （拉丁语）和（等于and）,
electronics,n. 电子学；电子工业,
five,"n. 五，五个；五美元钞票,num. 五，五个,adj. 五的；五个的,n. (Five)人名；(挪)菲弗",
upon,prep. 根据；接近；在…之上,
period,"n. 周期，期间；时期；月经；课时；（语法学）句点，句号,adj. 某一时代的",
planning,"n. 规划；计划编制,v. 计划；设计；预期（plan的ing形式）",
database,n. 数据库，资料库,
says,v. 说（第三人称单数）,
official,"adj. 官方的；正式的；公务的,n. 官员；公务员；高级职员",
weather,"n. 天气；气象；气候；处境,vt. 经受住；使风化；侵蚀；使受风吹雨打,vi. 风化；受侵蚀；经受风雨,adj. 露天的；迎风的,n. (Weather)人名；(英)韦瑟",
mar,"vt. 损毁；损伤；糟蹋；玷污,n. 污点；瑕疵,n. (Mar)人名；(英、俄、以、葡、塞内)马尔",
land,"n. 国土；陆地；地面,vt. 使…登陆；使…陷于；将…卸下,vi. 登陆；到达,n. (Land)人名；(英、德、葡、瑞典)兰德",
average,"n. 平均；平均数；海损,adj. 平均的；普通的；通常的,vt. 算出…的平均数；将…平均分配；使…平衡,vi. 平均为；呈中间色",
done,"adj. 已完成的；做好了的；煮熟的；合乎礼仪的；合乎规矩,int. 表示接受建议,v. 做（do的过去分词）,n. （西、罗）多内（人名）；（英）多恩（人名）",
technical,adj. 工艺的，科技的；技术上的；专门的,
window,n. 窗；窗口；窗户,
france,n. 法国；法郎士（姓氏）,
pro,"adv. 赞成地,n. 赞成者；赞成的意见,prep. 赞成,n. (Pro)人名；(意)普罗",
region,n. 地区；范围；部位,
island,"n. 岛；岛屿；安全岛；岛状物,adj. 岛的,vt. 孤立；使成岛状,n. (Island)人名；(英)艾兰",
record,"vt. 记录，记载；标明；将...录音,vi. 记录；录音,n. 档案，履历；唱片；最高纪录,adj. 创纪录的,n. (Record)人名；(法)勒科尔；(英)雷科德",
direct,"adj. 直接的；直系的；亲身的；恰好的,vt. 管理；指挥；导演；指向,vi. 指导；指挥,adv. 直接地；正好；按直系关系",
conference,"n. 会议；讨论；协商；联盟；（正式）讨论会；[工会、工党用语]（每年的）大会,vi. 举行或参加（系列）会议",
environment,n. 环境，外界,
records,"n. 记录，录音；[电子] 唱片，档案（record的复数形式）,v. 记录，记载（record的第三人称单数形式）,n. (Records)人名；(英)雷科兹",
district,n. 区域；地方；行政区,
calendar,"n. 日历；[天] 历法；日程表,vt. 将…列入表中；将…排入日程表",
costs,"n. [会计] 费用；损失（cost的复数）；诉讼费,v. 花费；使损失（cost的三单形式）",
style,"n. 风格；时尚；类型；字体,vt. 设计；称呼；使合潮流,vi. 设计式样；用刻刀作装饰画,n. (Style)人名；(英)斯泰尔",
front,"n. 前面；正面；前线,vt. 面对；朝向；对付,vi. 朝向,adj. 前面的；正面的,adv. 在前面；向前,n. (Front)人名；(法)弗龙",
statement,n. 声明；陈述，叙述；报表，清单,
update,"vt. 更新；校正，修正；使现代化,n. 更新；现代化",
parts,"n. [机] 零件，部件,n. (Parts)人名；(瑞典)帕茨；(爱沙)帕尔茨",
aug,abbr. 增大性的（augmentative）；增大的（augmented）,
ever,"adv. 永远；曾经；究竟,n. (Ever)人名；(英)埃弗；(俄)叶韦尔；(西、法)埃韦尔",
early,"adj. 早期的；早熟的,adv. 提早；在初期,n. (Early)人名；(英)厄尔利",
sound,"vt. 听（诊）；测量，测…深；使发声；试探；宣告,n. 声音，语音；噪音；海峡；吵闹；听力范围；[医] 探条,adj. 健全的，健康的；合理的；可靠的；有效彻底的,adv. 彻底地，充分地,vi. 听起来；发出声音；回响；测深",
resource,n. 资源，财力；办法；智谋,
present,"vt. 提出；介绍；呈现；赠送,vi. 举枪瞄准,adj. 现在的；出席的,n. 现在；礼物；瞄准",
applications,n. 应用；应用程序；应用软件（application的复数）,
either,"adj. 两者之中任一的；两者之中每一的,prep. 任何一个,conj. 也（用于否定句或否定词组后）；根本,pron. 任一，两方，随便哪一个；两者中的一个或另一个",
ago,"adv. 以前，以往,adj. 以前的；过去的,n. (Ago)人名；(英、西、意、塞、瑞典)阿戈",
document,"n. 文件，公文；[计] 文档；证件,vt. 记录，记载",
word,"n. [语] 单词；话语；消息；诺言；命令,vt. 用言辞表达,n. (Word)人名；(英)沃德",
works,"n. 作品；工厂；工程结构,n. (Works)人名；(英)沃克斯",
material,"adj. 重要的；物质的，实质性的；肉体的,n. 材料，原料；物资；布料",
bill,"n. [法] 法案；广告；账单；[金融] 票据；钞票；清单,vt. 宣布；开账单；用海报宣传",
written,"adj. 书面的，成文的；文字的,v. 写（write的过去分词）",
talk,"vt. 说；谈话；讨论,vi. 谈话；说闲话,n. 谈话；演讲；空谈",
federal,"adj. 联邦的；同盟的；联邦政府的； 联邦制的,adv. 联邦政府地,n. (Federal)人名；(英)费德勒尔",
hosting,n. 作战；群众或部队的集合,
rules,"n. [数] 规则；条例（rule的复数形式）,v. 统治；支配；裁定（rule的第三人称单数形式）",
final,"adj. 最终的；决定性的；不可更改的,n. 决赛；期末考试；当日报纸的末版",
adult,"adj. 成年的；成熟的,n. 成年人",
tickets,n. 票；罚单（ticket的复数）,
thing,n. 事情；东西；事物；情况,
centre,"vi. 以…为中心,vt. 集中；将…放在中央,n. 中心,adj. 中央的",
requirements,n. 要求（requirement的复数）；调整需要量，必需品,
via,prep. 渠道，通过；经由,
cheap,"adj. 便宜的；小气的；不值钱的,adv. 便宜地",
nude,"adj. 裸的，裸体的；无装饰的；与生俱有的,n. 裸体；裸体画",
kids,"n. 儿童（kid的复数）；[畜牧] 小山羊,v. 开玩笑；产仔；欺骗（kid的三单形式）",
finance,"n. 财政，财政学；金融,vt. 负担经费，供给…经费,vi. 筹措资金,n. (Finance)人名；(法)菲南斯",
true,"adj. 真实的；正确的,adv. 真实地；准确地,n. 真实；准确,vt. 装准,n. (TRUE)人名；(英)特鲁",
minutes,"n. 分钟（minute的复数）；会议记录；备忘录,v. 把…记录在案；为…测定时间（minute的单三形式）",
else,"adv. 其他；否则；另外,adj. 别的；其他的,n. (Else)人名；(英)埃尔斯；(德)埃尔泽；(芬、丹)埃尔塞",
mark,"n. 标志；马克；符号；痕迹；分数,vi. 作记号,vt. .标志；做标记于；打分数,n. . 标志；做标记于；打分数",
third,"num. 第三；三分之一,adj. 第三的；三分之一的",
rock,"n. 岩石；摇滚乐；暗礁,vt. 摇动；使摇晃,vi. 摇动；摇晃,n. (Rock)人名；(英、德、匈、意、瑞典)罗克",
gifts,"n. 礼品，[贸易] 赠品；礼物；天赋（gift的复数形式）,v. 赐予（gift的三单形式）；给与",
europe,n. 欧洲,
reading,"n. 阅读，朗读；读物；读数,adj. 阅读的,v. 阅读（read的ing形式）",
bad,"adj. 坏的；严重的；劣质的,n. 坏事；坏人,adv. 很，非常；坏地；邪恶地,n. (Bad)人名；(罗)巴德",
individual,"adj. 个人的；个别的；独特的,n. 个人，个体",
tips,n. 秘诀，技巧；小贴士，小窍门,
plus,"n. 正号，加号；好处；附加额,adj. 正的；附加的,prep. 加，加上,n. (Plus)人名；(德)普卢斯",
auto,"n. 汽车（等于automobile）；自动,vi. 乘汽车,n. (Auto)人名；(葡)奥托",
cover,"vt. 包括；采访，报导；涉及；行走（一段路程）；掩护；翻唱,n. 封面，封皮；盖子；掩蔽物;幌子，借口,vi. 覆盖；代替；敷衍；给…投保；,n. (Cover)人名；(英)科弗；(意)科韦尔",
usually,adv. 通常，经常,
edit,"vt. 编辑；校订,n. 编辑工作,n. (Edit)人名；(罗、匈)埃迪特",
together,"adv. 一起；同时；相互；连续地；总共,adj. 新潮的；情绪稳定的，做事有效率的",
percent,"n. 百分比，百分率；部分；百分数,adj. 百分之…的,adv. 以百分之…地",
fast,"adj. 快速的，迅速的；紧的，稳固的,adv. 迅速地；紧紧地；彻底地,vi. 禁食，斋戒,n. 斋戒；绝食,n. (Fast)人名；(德、英、俄、芬、捷、瑞典)法斯特",
function,"n. 功能；[数] 函数；职责；盛大的集会,vi. 运行；活动；行使职责",
fact,n. 事实；实际；真相,
unit,n. 单位，单元；装置；[军] 部队；部件,
getting,"n. 获得；采煤，采掘,v. 获得；了解（get的现在分词）；抓住,n. (Getting)人名；(英)格廷",
global,adj. 全球的；总体的；球形的,
meet,"vt. 满足；遇见；对付,vi. 相遇；接触,n. 集会,adj. 合适的；适宜的,n. (Meet)人名；(英)米特",
far,"adv. 很；遥远地；久远地；到很远的距离；到很深的程度,adj. 远的；久远的,n. 远方,n. (Far)人名；(德、西、塞)法尔",
economic,adj. 经济的，经济上的；经济学的,
en,"n. 半方；字母N,prep. 在…中,n. (En)人名；(芬、柬)恩",
player,n. 运动员，比赛者；游戏者，做游戏的人；演奏者，表演者；演员；播放器,
projects,"n. 项目；工程（project的复数）；企划,v. 计划；表达（project的第三人称单数）；投射",
lyrics,n. 歌词；抒情诗（lyric的复数）,
often,adv. 常常，时常,
subscribe,"vi. 订阅；捐款；认购；赞成；签署,vt. 签署；赞成；捐助",
submit,"vt. 使服从；主张；呈递,vi. 提交；服从",
germany,n. 德国,
amount,"vi. 总计，合计；相当于；共计；产生…结果,n. 数量；总额，总数",
watch,"vt. 观察；注视；看守；警戒,n. 手表；监视；守护；值班人,vi. 观看，注视；守侯，看守",
included,"adj. 包括的；[植] 内藏的,v. 包括（include的过去式和过去分词）",
feel,"vt. 感觉；认为；触摸；试探,vi. 觉得；摸索,n. 感觉；触摸",
though,"adv. 可是，虽然；不过；然而,conj. 虽然；尽管,prep. 但",
bank,"n. 银行；岸；浅滩；储库,vt. 将…存入银行；倾斜转弯,vi. 堆积；倾斜转弯,n. (Bank)人名；(英、德、俄)班克；(法、匈)邦克",
risk,"n. 风险；危险；冒险,vt. 冒…的危险,n. (Risk)人名；(英、阿拉伯)里斯克",
thanks,"n. 谢谢（只用复数）,int. 谢谢",
everything,pron. 每件事物；最重要的东西；（有关的）一切；万事,
various,adj. 各种各样的；多方面的,
words,"n. [计] 字（word的复数）；话语；言语,v. 用言语表达（word的三单形式）",
production,n. 成果；产品；生产；作品,
commercial,"adj. 商业的；营利的；靠广告收入的,n. 商业广告",
weight,"n. 重量，重力；负担；砝码；重要性,vt. 加重量于，使变重,n. (Weight)人名；(英)韦特；(捷)魏格特",
town,"n. 城镇，市镇；市内商业区,n. (Town)人名；(英)汤",
heart,"n. 心脏；感情；勇气；心形；要点,vt. 鼓励；铭记,vi. 结心,n. (Heart)人名；(英)哈特",
advertising,"n. 广告；广告业；登广告,adj. 广告的；广告业的,v. 公告；为…做广告（advertise的ing形式）",
received,"adj. 被一般承认的；被认为标准的,v. 收到；接受；迎接（receive的过去分词）",
choose,"vt. 选择，决定,vi. 选择，挑选",
treatment,n. 治疗，疗法；处理；对待,
newsletter,n. 时事通讯,
archives,"n. 档案，档案室；案卷（archive的复数）,v. 把…收集归档；把…存档（archive的三单形式）",
points,"n. 点；目的（point的复数）；见解,v. 指引；瞄准（point的第三人称单数）,n. (Points)人名；(英)波因茨",
knowledge,"n. 知识，学问；知道，认识；学科,n. (Knowledge)人名；(南非)诺利奇",
magazine,n. 杂志；弹药库；胶卷盒,
error,n. 误差；错误；过失,
camera,"n. 照相机；摄影机,n. (Camera)人名；(英、意、西)卡梅拉",
girl,"n. 女孩；姑娘，未婚女子；女职员，女演员；（男人的）女朋友,n. （捷）吉尔",
currently,adv. 当前；一般地,
construction,n. 建设；建筑物；解释；造句,
registered,adj. 注册的；记名的；登记过的；（家畜等）附有血统证明的,
clear,"adj. 清楚的；清澈的；晴朗的；无罪的,vt. 通过；清除；使干净；跳过,vi. 放晴；变清澈,adv. 清晰地；完全地,n. 清除；空隙,n. (Clear)人名；(英)克利尔",
golf,"n. 高尔夫球；高尔夫球运动,vi. 打高尔夫球,n. (Golf)人名；(西、挪)戈尔夫",
receive,"vt. 收到；接待；接纳,vi. 接收",
domain,"n. 领域；域名；产业；地产,n. (Domain)人名；(英、法)多曼",
chapter,"n. 章，回；（俱乐部、协会等的）分会；人生或历史上的重要时期,vt. 把…分成章节",
makes,"v. 做，制作（make的第三人称单数）,n. 品质；产量；制作过程（make的复数）",
protection,n. 保护；防卫；护照,
policies,n. 政策；保险单（policy的复数）,
loan,"n. 贷款；借款,vi. 借出,vt. 借；借给",
wide,"adj. 广泛的；宽的，广阔的；张大的；远离目标的,adv. 广泛地；广阔地；充分地,n. 大千世界,n. (Wide)人名；(瑞典、芬)维德",
beauty,n. 美；美丽；美人；美好的东西,
manager,n. 经理；管理人员,
india,n. 印度（南亚国家）,
position,"n. 位置，方位；职位，工作；姿态；站位,vt. 安置；把……放在适当位置",
taken,v. 拿，带（take的过去分词）,
sort,"n. 种类；方式；品质,vi. 分类；协调；交往,vt. 将…分类；将…排序；挑选出某物",
michael,n. 迈克尔（男子名）,
known,"adj. 已知的；知名的；大家知道的,v. 知道（know的过去分词）",
half,"n. 一半；半场；半学年,adv. 一半地；部分地,adj. 一半的；不完全的；半途的,n. (Half)人名；(阿拉伯)哈勒夫；(德)哈尔夫；(英)哈夫",
cases,"n. 情况（case的复数形式）；[法] 案例；箱,v. 把…装于容器中（case的第三人称单数形式）,n. (Cases)人名；(西)卡塞斯；(法)卡斯",
step,"n. 步，脚步；步骤；步伐；梯级,vi. 踏，踩；走,vt. 走，迈步",
engineering,"n. 工程，工程学,v. 设计；管理（engineer的ing形式）；建造",
simple,"adj. 简单的；单纯的；天真的,n. 笨蛋；愚蠢的行为；出身低微者,n. (Simple)人名；(法)桑普勒",
quick,"n. 核心；伤口的嫩肉,adj. 快的；迅速的，敏捷的；灵敏的,adv. 迅速地，快,n. (Quick)人名；(英、德、瑞典、芬)奎克",
none,"pron. 没有人；一个也没有；没有任何东西,adj. 没有的，一点没有的,adv. 决不，一点也不,n. (None)人名；(葡、罗)诺内；(日)野根(姓)",
wireless,"adj. 无线的；无线电的,n. 无线电,vt. 用无线电报与…联系；用无线电报发送,vi. 打无线电报；打无线电话",
license,"n. 执照，许可证；特许,vt. 许可；特许；发许可证给",
paul,n. 保罗（男子名）,
friday,n. 星期五；忠仆,
lake,"n. 湖；深红色颜料；胭脂红,vt. （使）血球溶解,vi. （使）血球溶解,n. (Lake)人名；(德、塞、瑞典)拉克；(英)莱克",
whole,"adj. 完整的；纯粹的,n. 整体；全部",
annual,"adj. 年度的；每年的,n. 年刊，年鉴；一年生植物",
later,"adv. 后来；稍后；随后,adj. 更迟的；更后的,n. (Later)人名；(德)拉特",
basic,"adj. 基本的；基础的,n. 基础；要素",
corporate,adj. 法人的；共同的，全体的；社团的；公司的；企业的,
church,"n. 教堂；礼拜；教派,adj. 教会的；礼拜的,vt. 领…到教堂接受宗教仪式,n. (Church)人名；(英)丘奇",
method,"n. 方法；条理；类函数,adj. 使用体验派表演方法的",
purchase,"n. 购买；紧握；起重装置,vt. 购买；赢得,vi. 购买东西",
customers,n. 客户；[贸易] 顾客（customer的复数）,
active,"adj. 积极的；活跃的；主动的；有效的；现役的,n. 主动语态；积极分子",
response,n. 响应；反应；回答,
practice,"n. 实践；练习；惯例,vi. 练习；实习；实行,vt. 练习；实习；实行",
hardware,n. 计算机硬件；五金器具,
figure,"n. 数字；人物；图形；价格；（人的）体形；画像,vi. 计算；出现；扮演角色,vt. 计算；认为；描绘；象征",
materials,n. [材] 材料；材质（material的复数）；材料科学；材料费,
fire,"n. 火；火灾；炮火；炉火；热情；激情；磨难,vt. 点燃；解雇；开除；使发光；烧制；激动；放枪,vi. 着火；射击；开枪；激动；烧火",
holiday,"n. 假日；节日；休息日,vi. 外出度假,n. (Holiday)人名；(英)霍利迪",
chat,"vi. 聊天；闲谈,vt. 与…搭讪；与…攀谈,n. 聊天；闲谈,n. (Chat)人名；(英)查特(教名Carol、Carola、Caroline、Carolyn的昵称)；(西)查特；(越)质；(柬)乍；(泰)察；(捷)哈特；(中)质(广东话·威妥玛)；(法)沙",
enough,"adv. 足够地，充足地,n. 很多；充足,adj. 充足的,int. 够了！",
designed,"adj. 有计划的，原意的；故意的,v. 设计；计划（design的过去分词）",
along,"adv. 一起；向前；来到,prep. 沿着；顺着",
among,prep. 在…中间；在…之中,
death,"n. 死；死亡；死神；毁灭,n. (Death)人名；(英)迪阿思",
writing,"n. 书写；作品；著作；[法] 笔迹,v. 书写（write的ing形式）",
speed,"vi. 超速，加速；加速，迅速前行；兴隆,n. 速度，速率；迅速，快速；昌盛，繁荣,vt. 加快…的速度；使成功，使繁荣,n. (Speed)人名；(英)斯皮德",
loss,"n. 减少；亏损；失败；遗失,n. (Loss)人名；(匈)洛什；(法、德、意)洛斯",
face,"n. 脸；表面；面子；面容；外观；威信,vi. 向；朝,vt. 面对；面向；承认；抹盖,n. (Face)人名；(法)法斯；(意)法切",
brand,"vt. 铭刻于，铭记；打烙印于；印…商标于,n. 商标，牌子；烙印,n. (Brand)人名；(英、德、俄、西、意、罗、葡、捷、芬、瑞典、匈)布兰德；(法)布朗",
discount,"n. 折扣；贴现率,vi. 贴现；打折扣出售商品,vt. 打折扣；将…贴现；贬损；低估；忽视",
higher,adj. 更高的，较高的（high的比较级）,
effects,n. 效果（effect的复数形式）；财物,
created,"adj. 创造的；引起的,v. 创造；建立；造成（create的过去分词形式）",
remember,"vt. 记得；牢记；纪念；代…问好,vi. 记得，记起",
oil,"n. 油；石油；油画颜料,vt. 加油；涂油；使融化,vi. 融化；加燃油",
bit,"n. [计] 比特（二进位制信息单位）；少量；马嚼子；辅币；老一套；一点，一块,vt. 控制,adj. 很小的；微不足道的,adv. 有点儿；相当,vt. 咬（bite的过去式和过去分词）",
yellow,"adj. 黄色的；黄皮肤的,adj. 胆小的,n. 黄色；黄种人；黄色颜料,vi. 变黄或发黄,vt. 使变黄或发黄",
political,adj. 政治的；党派的,
increase,"n. 增加，增长；提高,vi. 增加，增大；繁殖,vt. 增加，加大,n. (Increase)人名；(英)英克里斯",
advertise,"vt. 通知；为…做广告；使突出,vi. 做广告，登广告；作宣传",
kingdom,"n. 王国；界；领域,n. (Kingdom)人名；(英)金德姆",
base,"n. 基础；底部；垒,adj. 卑鄙的；低劣的,vt. 以…作基础,n. (Base)人名；(日)马濑(姓)",
near,"adj. 近的；亲近的；近似的,adv. 近；接近,prep. 靠近；近似于",
environmental,adj. 环境的，周围的；有关环境的,
thought,"n. 思想；思考；想法；关心,v. 想，思考；认为（think的过去式和过去分词）",
stuff,"n. 东西；材料；填充物；素材资料,vt. 塞满；填塞；让吃饱,vi. 吃得过多",
french,"adj. 法国的；法语的；法国人的,n. 法语；法国人",
storage,n. 存储；仓库；贮藏所,
oh,int. 哦；哎呀（表示惊讶或恐惧等）,
japan,"n. 漆器；日本亮漆,vt. 在…上涂漆",
doing,"v. 做；干（do的ing形式）,n. 活动；所作所为",
loans,n. [金融] 贷款（loan的复数形式）；借贷,
shoes,"n. 鞋子（shoe的复数）,v. 穿鞋（shoe的第三人称单数）",
entry,n. 进入；入口；条目；登记；报关手续；对土地的侵占,
stay,"vi. 停留；坚持；暂住；停下,vt. 坚持；暂住；抑制,n. 逗留；停止；支柱",
nature,"n. 自然；性质；本性；种类,n. (Nature)人名；(法)纳蒂尔",
orders,"n. 订单；[军] 命令；决议；整齐；勋章（order的复数形式）,v. [军] 命令；调整（order的第三人称单数形式）,n. (Orders)人名；(英)奥德斯",
availability,n. 可用性；有效性；实用性,
africa,n. 非洲,
summary,"adj. 简易的；扼要的,n. 概要，摘要，总结",
turn,"vt. 转动，使旋转；转弯；翻过来；兑换,vi. 转向；转变；转动,n. 转弯；变化；(损害或有益于别人的)行为，举动，举止,n. (Turn)人名；(德、匈)图恩",
mean,"adj. 平均的；卑鄙的；低劣的；吝啬的,vt. 意味；想要；意欲,n. 平均值,vi. 用意,n. (Mean)人名；(柬)棉",
growth,n. 增长；发展；生长；种植,
notes,"n. 注释，说明，笔记（note复数）；[金融] 票据,n. (Notes)人名；(意)诺泰斯",
agency,n. 代理，中介；代理处，经销处,
king,"n. 国王；最有势力者；王棋,vi. 统治；做国王,vt. 立…为王,adj. 主要的，最重要的，最大的,n. (King)人名；(德、英、葡、捷、西)金；(中)金(普通话·威妥玛)；(泰)京；(东南亚国家华语)京",
monday,n. 星期一,
european,"adj. 欧洲的；欧洲人的,n. 欧洲人",
activity,n. 活动；行动；活跃,
copy,"vi. 复制；复印；抄袭,vt. 复制；复印；抄袭,n. 副本；一册；摹仿",
although,conj. 尽管；虽然；但是；然而,
drug,"n. 药；毒品；麻醉药；滞销货,vt. 使服麻醉药；使服毒品；掺麻醉药于,vi. 吸毒,n. (Drug)人名；(罗)德鲁格",
western,"adj. 西方的，西部的；有西方特征的,n. 西方人；西部片，西部小说,n. (Western)人名；(英)韦斯顿",
income,n. 收入，收益；所得,
force,"n. 力量；武力；军队；魄力,vt. 促使，推动；强迫；强加,n. (Force)人名；(意)福尔切；(英、法)福斯",
cash,"n. 现款，现金,vt. 将…兑现；支付现款,n. (Cash)人名；(英)卡什",
employment,n. 使用；职业；雇用,
overall,"adj. 全部的；全体的；一切在内的,adv. 全部地；总的说来,n. 工装裤；罩衫",
bay,"n. 海湾；狗吠声,vt. 向…吠叫,vi. 吠叫；大声叫嚷,n. (Bay)人名；(越)七；(英、老)贝；(德、意、罗、捷、土、丹)巴伊；(匈)鲍伊；(瑞典)巴伊",
river,"n. 河，江,n. (River)人名；(英)里弗",
commission,"n. 委员会；佣金；犯；委任；委任状,vt. 委任；使服役；委托制作",
package,"n. 包，包裹；套装软件，[计] 程序包,adj. 一揽子的,vt. 打包；将…包装",
contents,"n. 内容；[图情][计] 目录；要旨（content的复数）,v. 使满意（content的三单形式）",
seen,"adj. 看得见的,v. 看见；理解（see的过去分词）",
engine,n. 引擎，发动机；机车，火车头；工具,
port,"n. 港口，口岸；（计算机的）端口；左舷；舱门,vi. 转向左舷,vt. 持（枪）；左转舵,n. (Port)人名；(英)波特；(法)波尔；(德、俄、匈、捷)波尔特",
album,n. 相簿；唱片集；集邮簿；签名纪念册,
regional,adj. 地区的；局部的；整个地区的,
stop,"vt. 停止；堵塞；断绝,vi. 停止；中止；逗留；被塞住,n. 停止；车站；障碍；逗留",
supplies,"n. 物资；供应品；贮备量（supply的复数）,v. 供应（supply的第三人称单数）；提供,n. (Supplies)人名；(德)祖普利斯",
started,"出发,起动",
administration,n. 管理；行政；实施；行政机构,
bar,"n. 条，棒；酒吧；障碍；法庭,vt. 禁止；阻拦,prep. 除……外,n. (Bar)人名；(阿拉伯、德、法、俄、罗、捷、波、葡、以)巴尔",
institute,"vt. 开始（调查）；制定；创立；提起（诉讼）,n. 学会，协会；学院",
views,"n. 见解；[计][建] 视图（view的复数）；景点；查看,v. 认为；观看（view的三单形式）",
plans,"n. 计划；[计划] 规划（plan的复数）,n. (Plans)人名；(西、罗)普兰斯",
double,"n. 两倍；双精度型,adj. 双重的；两倍的,vi. 加倍，加倍努力；快步走,vt. 使加倍,adv. 双重地；两倍地；弓身地,n. (Double)人名；(法)杜布勒；(英)道布尔",
dog,"n. 狗；丑女人；卑鄙的人；(俚)朋友,vt. 跟踪；尾随",
build,"vt. 建立；建筑,vi. 建筑；建造,n. 构造；体形；体格",
screen,"n. 屏，幕；屏风,vt. 筛；拍摄；放映；掩蔽,vi. 拍电影,n. (Screen)人名；(英)斯克林",
exchange,"n. 交换；交流；交易所；兑换,vt. 交换；交易；兑换,vi. 交换；交易；兑换",
types,"v. 打字（type的第三人称单数形式）,n. [心理] 类型（type的复数）",
soon,adv. 快；不久，一会儿；立刻；宁愿,
sponsored,"adj. 赞助的；发起的,v. 赞助（sponsor的过去分词）；发起",
lines,"n. 线；台词；航线（line的复数）,v. 排成一行；画线于（line的三单形式）,n. (Lines)人名；(英)莱恩斯",
electronic,"adj. 电子的,n. 电子电路；电子器件",
continue,"vi. 继续，延续；仍旧，连续,vt. 继续说…；使…继续；使…延长",
across,"prep. 穿过；横穿,adv. 横过；在对面",
benefits,n. 福利，效益（benefit的复数形式）；利益，收益,
needed,"adj. 需要的,v. 需要（need的过去式）",
season,"n. 时期；季节；赛季,vt. 给…调味；使适应,vi. 变得成熟；变干燥",
apply,"vt. 申请；涂，敷；应用,vi. 申请；涂，敷；适用；请求",
someone,pron. 有人，某人,
held,"v. 握住（hold的过去分词）；举起,抬起；使升高；展示；提出(作为榜样)(后与as连用),n. (Held)人名；(英、瑞典)赫尔德；(德、捷)黑尔德；(罗、匈、塞)海尔德",
anything,pron. 任何事,
printer,n. [计] 打印机；印刷工；印花工,
condition,"n. 条件；情况；环境；身份,vt. 决定；使适应；使健康；以…为条件",
effective,adj. 有效的，起作用的；实际的，实在的；给人深刻印象,
believe,"vi. 信任；料想；笃信宗教,vt. 相信；认为；信任",
organization,n. 组织；机构；体制；团体,
effect,"n. 影响；效果；作用,vt. 产生；达到目的",
asked,"n. 卖方要价,v. 问（ask的过去式）",
eur,"n. 欧元；欧洲，欧洲人,n. (Eur)人名；(柬)厄",
mind,"n. 理智，精神；意见；智力；记忆力,vt. 介意；专心于；照料,vi. 介意；注意",
sunday,n. 星期日；礼拜日,
selection,n. 选择，挑选；选集；精选品,
casino,"n. 俱乐部，赌场；娱乐场,n. (Casino)人名；(西、法)卡西诺",
lost,"adj. 失去的；丧失的；迷惑的,v. 遗失（lose的过去分词）；失败",
tour,"n. 旅游，旅行；巡回演出,vt. 旅行，在……旅游；在……作巡回演出,vi. 旅行，旅游；作巡回演出,n. (Tour)人名；(瑞典)托尔；(英)图尔",
menu,"n. 菜单,饭菜",
volume,"n. 量；体积；卷；音量；大量；册,adj. 大量的,vi. 成团卷起,vt. 把…收集成卷",
cross,"n. 交叉，十字；十字架，十字形物,vi. 交叉；杂交；横过,vt. 杂交；渡过；使相交,adj. 交叉的，相反的；乖戾的；生气的",
anyone,pron. 任何人；任何一个,
mortgage,"vt. 抵押,n. 抵押,房屋抵押贷款",
hope,"n. 希望；期望；信心,vt. 希望；期望,vi. 希望；期待；信赖,n. (Hope)人名；(印)霍普；(法)奥普；(西)奥佩",
silver,"n. 银；银器；银币；银质奖章；餐具；银灰色,adj. 银的；含银的；有银色光泽的；口才流利的；第二十五周年的婚姻,vi. 变成银色,vt. 镀银；使有银色光泽,n. (Silver)人名；(法)西尔韦；(英、德、芬、瑞典)西尔弗",
corporation,n. 公司；法人（团体）；社团；市政当局,
wish,"n. 希望；祝福；心愿,vt. 祝愿；渴望；向…致问候语,vi. 愿望；需要,n. (Wish)人名；(英)威什",
inside,"n. 里面；内部；内情；内脏,adj. 里面的；内部的；秘密的,adv. 在里面,prep. 少于；在…之内",
solution,n. 解决方案；溶液；溶解；解答,
mature,"adj. 成熟的；充分考虑的；到期的；成年人的,vi. 成熟；到期,vt. 使…成熟；使…长成；慎重作出",
role,"n. 角色；任务,n. (Role)人名；(意、塞、赤几)罗莱",
rather,"adv. 宁可，宁愿；相当,int. 当然啦（回答问题时用）,n. (Rather)人名；(英)拉瑟",
addition,n. 添加；[数] 加法；增加物,
came,v. come的过去式,
supply,"n. 供给，补给；供应品,vt. 供给，提供；补充,vi. 供给；替代",
nothing,"neg. 没什么；毫不,n. 无；零；不关紧要之事,adv. 毫不；决不,pron. 无事；无物,int. 什么也没有",
certain,"adj. 某一；必然的；确信；无疑的；有把握的,pron. 某些；某几个,n. (Certain)人名；(葡)塞尔塔因；(法)塞尔坦",
executive,"adj. 行政的；经营的；执行的，经营管理的,n. 总经理；执行委员会；执行者；经理主管人员",
running,"n. 运转；赛跑；流出,adj. 连续的；流动的；跑着的；运转着的,v. 跑；运转（run的ing形式）；行驶,n. (Running)人名；(英)朗宁",
lower,"vt. 减弱，减少；放下，降下；贬低,vi. 降低；减弱；跌落,adj. 下游的；下级的；下等的,n. (Lower)人名；(英、意)洛厄",
necessary,"adj. 必要的；必需的；必然的,n. 必需品,n. (Necessary)人名；(英)内塞瑟里",
union,n. 联盟，协会；工会；联合,
jewelry,n. 珠宝；珠宝类,
according,"adj. 相符的；一致的；相应的；和谐的；调和的,adv. 依照；根据；按照,v. 给予( accord的现在分词 )；使和谐一致；使符合；使适合",
dc,abbr. 直流电（direct current）；哥伦比亚特区（District of Columbia）；从头重复（da capo）,
clothing,"n. （总称）[服装] 服装；帆装,v. 覆盖（clothe的ing形式）；给…穿衣",
particular,"adj. 特别的；详细的；独有的；挑剔的,n. 详细说明；个别项目",
fine,"adj. 好的；优良的；细小的，精美的；健康的；晴朗的,n. 罚款,vt. 罚款；澄清,adv. 很好地；精巧地,n. (Fine)人名；(意)菲内；(英)法恩",
robert,n. 罗伯特（男子名）,
homepage,n. 主页,
hour,"n. 小时；钟头；课时；…点钟,n. (Hour)人名；(法)乌尔；(柬)胡",
gas,"n. 气体；[矿业] 瓦斯；汽油；毒气,vt. 加油；毒（死）,vi. 加油；放出气体；空谈,n. (Gas)人名；(法、德、西)加斯",
skills,n. 技能；技巧（skill的复数形式）；技术,
six,"num. 六，六个,n. 六，六个,n. (Six)人名；(法、德)西克斯",
bush,"n. 灌木；矮树丛,vt. 以灌木装饰；使…精疲力竭,vi. 丛生；浓密地生长,adj. 如灌木般长得低矮的；粗野的",
islands,n. 群岛（island的复数）；岛屿,
advice,n. 建议；忠告；劝告；通知,
career,"n. 生涯；职业；事业；速度，全速,adj. 作为毕生职业的,vi. 全速前进，猛冲",
military,"adj. 军事的；军人的；适于战争的,n. 军队；军人",
rental,"n. 租金收入，租金；租赁,adj. 租赁的；收取租金的",
decision,n. 决定，决心；决议,
leave,"vt. 离开；留下；遗忘；委托,vi. 离开，出发；留下,n. 许可，同意；休假",
british,"adj. 英国的；英国人的；大不列颠的,n. 英国人",
teens,n. 十多岁，十几岁；青少年,
huge,"adj. 巨大的；庞大的；无限的,n. (Huge)人名；(英)休奇",
sat,"v. 坐（sit的过去式，过去分词）,n. (Sat)人名；(中)萨(广东话·威妥玛)；(柬)萨；(印)萨特",
woman,n. 妇女；女性；成年女子,
facilities,n. 设施；工具，设备,
zip,"n. 拉链；活力，精力；尖啸声，撕裂声；一种程序压缩的档案文件格式,n. (Zip)兹普（人名）,vi. 拉开或拉上；以尖啸声行进,vt. 给...以速度；拉上或拉开拉链",
bid,"vt. 投标；出价；表示；吩咐,vi. 投标；吩咐,n. 出价；叫牌；努力争取,n. (Bid)人名；(俄)比德",
kind,"n. 种类；性质,adj. 和蔼的；宽容的；令人感激的,n. (Kind)人名；(德、俄、法、捷)金德；(瑞典)欣德",
middle,"adj. 中间的，中部的；中级的，中等的,n. 中间，中央；腰部",
move,"n. 移动；步骤；迁居；策略,vi. 移动；搬家，迁移；离开,vt. 移动；感动",
cable,"n. 缆绳；电缆；海底电报,vt. 打电报,vi. 打海底电报",
opportunities,n. 因素；机会；[数] 机遇,
taking,"n. 取得；捕获；营业收入,adj. 可爱的；迷人的；会传染的,v. 拿；捕捉；夺取（take的ing形式）",
values,n. 价值观念；价值标准,
division,n. [数] 除法；部门；分配；分割；师（军队）；赛区,
coming,"adj. 即将到来的；接着的；前途有望的,n. 来到；到达,v. 来（come的ing形式）",
tuesday,n. 星期二,
object,"n. 目标；物体；客体；宾语,vt. 提出…作为反对的理由,vi. 反对；拒绝",
lesbian,"adj. [心理] 女同性恋的,n. 女同性恋者",
appropriate,"adj. 适当的；恰当的；合适的,vt. 占用，拨出",
machine,"n. 机械，机器；机构；机械般工作的人,vt. 用机器制造,n. (Machine)人名；(意)马基内",
logo,"n. 商标，徽标；标识语,n. (Logo)人名；(英、塞)洛戈",
length,n. 长度，长；时间的长短；（语）音长,
actually,adv. 实际上；事实上,
nice,"adj. 精密的；美好的；细微的；和蔼的,n. (Nice)人名；(英)尼斯",
score,"n. 分数；二十；配乐；刻痕,vt. 获得；评价；划线，刻划；把…记下,vi. 得分；记分；刻痕,n. (Score)人名；(英)斯科尔",
statistics,n. 统计；统计学；[统计] 统计资料,
client,n. [经] 客户；顾客；委托人,
returns,"n. 回报；收益；[贸易] 退货（return的复数）,v. 返回；回复；归还（return的单三形式）",
capital,"n. 首都，省会；资金；大写字母；资本家,adj. 首都的；重要的；大写的,n. (Capital)人名；(法)卡皮塔尔",
follow,"vt. 跟随；遵循；追求；密切注意，注视；注意；倾听,vi. 跟随；接着,n. 跟随；追随",
sample,"vt. 取样；尝试；抽样检查,n. 样品；样本；例子,adj. 试样的，样品的；作为例子的,n. (Sample)人名；(英)桑普尔",
investment,n. 投资；投入；封锁,
sent,"v. 送，寄出（send的过去分词）,n. (Sent)人名；(德)森特",
shown,v. 解释（show的过去分词）；给予；表露,
saturday,n. 星期六,
christmas,"n. 圣诞节,圣诞节期间",
england,n. 英格兰；英国,
culture,"n. 文化，文明；修养；栽培,vt. [细胞][微] 培养（等于cultivate）",
band,"n. 带，环；[物] 波段；(演奏流行音乐的) 乐队,vi. 用带绑扎；给...镶边,n. n.乐队；队；一群",
flash,"vt. 使闪光；反射,n. 闪光，闪现；一瞬间,vi. 闪光，闪现；反射,adj. 闪光的，火速的,n. (Flash)人名；(西)弗拉什",
ms,abbr. 毫秒（millisecond）；手稿（manuscript）；女士（Ms.）；蒙塞拉特岛（Montserrat）；微软公司（Microsoft）；军标（Military Standard）,
lead,"n. 领导；铅；导线；榜样,vt. 领导；致使；引导；指挥,vi. 领导；导致；用水砣测深,adj. 带头的；最重要的,n. (Lead)人名；(英)利德",
george,n. 乔治（男子名）；自动操纵装置；英国最高勋爵勋章上的圣乔治诛龙图,
choice,"n. 选择；选择权；精选品,adj. 精选的；仔细推敲的",
went,"v. 去，过去（go的过去式）,n. (Went)人名；(德、匈、荷)文特；(英)温特",
starting,"n. 开始；出发,v. 开始（start的ing形式）",
registration,n. 登记；注册；挂号,
thursday,n. 星期四,
courses,"n. 课程；路线（course的复数）,n. (Courses)人名；(法)库尔斯",
consumer,n. 消费者；用户，顾客,
hi,"int. 嗨！（表示问候或用以唤起注意）,n. (Hi)人名；(柬)希",
airport,n. 机场；航空站,
foreign,adj. 外国的；外交的；异质的；不相关的,
artist,n. 艺术家；美术家（尤指画家）；大师,
outside,"adj. 外面的，外部的；外来的,n. 外部；外观,adv. 在外面，向外面；在室外,prep. 在…范围之外",
furniture,n. 家具；设备；储藏物,
levels,"n. 水平，标准（level复数形式）；色阶调整；控制色阶,v. 拉平，变平（level的第三人称单数形式）",
channel,"vt. 引导，开导；形成河道,n. 通道；频道；沟渠；海峡",
letter,"n. 信；字母，文字；证书；文学，学问；字面意义,vt. 写字母于,vi. 写印刷体字母,n. (Letter)人名；(英)莱特",
mode,"n. 模式；方式；风格；时尚,n. (Mode)人名；(德、英、法、乍、瑞典)莫德",
wednesday,n. 星期三,
structure,"n. 结构；构造；建筑物,vt. 组织；构成；建造",
fund,"n. 基金；资金；存款,vt. 投资；资助,n. (Fund)人名；(德)丰德",
summer,"n. 夏季；全盛时期,vi. 避暑；过夏天,adj. 夏季的,n. (Summer)人名；(德)祖默；(英)萨默",
allow,"vt. 允许；给予；认可,vi. 容许；考虑",
degree,n. 程度，等级；度；学位；阶层,
contract,"vi. 收缩；感染；订约,vt. 感染；订约；使缩短,n. 合同；婚约",
button,"n. 按钮；纽扣,vt. 扣住；扣紧；在…上装纽扣,vi. 扣住；装有纽扣；扣上纽扣,n. (Button)人名；(英)巴顿",
releases,"n. 释放；豁免；发泄（release的复数形式）,vt. 释放；松散；豁免；减轻痛苦（release的第三人称单数形式）",
wed,"vt. 与...结婚；娶；嫁,vi. 结婚；娶；嫁",
super,"adj. 特级的；极好的,n. 特级品，特大号；临时雇员,n. (Super)人名；(英)休珀",
male,"adj. 男性的；雄性的；有力的,n. 男人；雄性动物,n. (Male)人名；(柬)马尔；(意、西、塞)马莱；(英)梅尔",
matter,"n. 物质；事件,vi. 有关系；要紧,n. (Matter)人名；(英、法)马特；(西)马特尔",
custom,"n. 习惯，惯例；风俗；海关，关税；经常光顾；[总称]（经常性的）顾客,adj. （衣服等）定做的，定制的",
virginia,"n. 弗吉尼亚（女子名）；弗吉尼亚州,adj. 弗吉尼亚州的",
almost,adv. 差不多，几乎,
took,v. 拿；取；接受（take的过去式）,
located,adj. 处于，位于；坐落的,
multiple,"adj. 多重的；多样的；许多的,n. 倍数；[电] 并联",
distribution,n. 分布；分配；供应,
editor,n. 编者，编辑；社论撰写人；编辑装置,
inn,"n. 客栈；旅馆,vi. 住旅馆,n. (Inn)人名；(柬)因",
industrial,"adj. 工业的，产业的；从事工业的；供工业用的；来自勤劳的,n. 工业股票；工业工人",
cause,"n. 原因；事业；目标,vt. 引起；使遭受",
potential,"n. 潜能；可能性；[电] 电势,adj. 潜在的；可能的；势的",
song,"n. 歌曲；歌唱；诗歌；鸣声,n. (Song)人名；(泰)颂；(柬)松；(英)桑；(老)宋；(越)双；(东南亚国家华语)松",
los,"abbr. 视线（Line of Sight）；月球轨道航天器（Lunar Orbiter Spacecraft）,n. (Los)人名；(匈)洛什；(俄、西、瑞典、塞、英)洛斯",
focus,"n. 焦点；中心；清晰；焦距,vt. 使集中；使聚焦,vi. 集中；聚焦；调节焦距,n. (Focus)人名；(瑞典)福库斯",
late,"adj. 晚的；迟的；已故的；最近的,adv. 晚；迟；最近；在晚期",
fall,"vi. 落下；变成；来临；减弱,n. 下降；秋天；瀑布,vt. 砍倒；击倒,adj. 秋天的,n. (Fall)人名；(法、芬、瑞典)法尔；(英、匈)福尔；(阿拉伯)法勒",
featured,"adj. 特定的；被作为特色的；有…的面貌特征的,v. 使…有特色；起重要作用（feature的过去分词）",
idea,n. 想法；主意；概念,
female,"adj. 女性的；雌性的；柔弱的，柔和的,n. 女人；[动] 雌性动物",
responsible,adj. 负责的，可靠的；有责任的,
communications,n. [通信] 通信；沟通；通讯系统；交通设施（communication的复数形式）,
win,"vt. 赢得；在…中获胜,vi. 赢；获胜；成功,n. 赢；胜利,n. (Win)人名；(德、荷、缅)温；(英)温(女子教名Winifred的昵称)",
associated,"adj. 关联的；联合的,v. 联系（associate的过去式和过去分词）",
thomas,n. 托马斯（男子名）；多马（耶稣十二门徒之一）,
primary,"adj. 主要的；初级的；基本的,n. 原色；最主要者",
cancer,n. 癌症；恶性肿瘤,
reason,"n. 理由；理性；动机,vi. 推论；劝说,vt. 说服；推论；辩论,n. (Reason)人名；(英)里森",
tool,"n. 工具，用具；器械，机床；手段,vi. 使用工具；用机床装备工厂,vt. 用工具给……加工",
browser,n. [计] 浏览器；吃嫩叶的动物；浏览书本的人,
spring,"n. 春天；弹簧；泉水；活力；跳跃,adj. 春天的,vi. 生长；涌出；跃出；裂开,vt. 使跳起；使爆炸；突然提出；使弹开,n. (Spring)人名；(德)施普林；(英、芬、瑞典)斯普林",
foundation,n. 基础；地基；基金会；根据；创立,
answer,"vt. 回答；符合,vi. 回答；符合,n. 回答；答案；答辩",
voice,"n. 声音；嗓音；发言权；愿望,vt. 表达；吐露",
friendly,"adj. 友好的；亲切的；支持的；融洽的，和睦的,adv. 友善地；温和地,n. (Friendly)人名；(英)弗兰德利",
schedule,"vt. 安排，计划；编制目录；将……列入计划表,n. 时间表；计划表；一览表",
documents,"n. [计] 文档（document的复数形式）,v. 记载（document的第三人称单数形式）",
communication,n. 通讯，[通信] 通信；交流；信函,
purpose,"n. 目的；用途；意志,vt. 决心；企图；打算",
feature,"n. 特色，特征；容貌；特写或专题节目,vi. 起重要作用,vt. 特写；以…为特色；由…主演",
bed,"n. 床；基础；河底， 海底,vt. 使睡觉；安置，嵌入；栽种,vi. 上床；分层",
comes,"v. 来自；从…来（come的三单形式）,n. 伴引血管；伴星,n. (Comes)人名；(法)科姆；(德、西、意)科梅斯",
police,"n. 警察，警方；治安,vt. 监督；管辖；维持治安；为…配备警察,adj. 警察的；有关警察的",
everyone,"pron. 每个人；人人,n. 每个人",
independent,"adj. 独立的；单独的；无党派的；不受约束的,n. 独立自主者；无党派者",
approach,"n. 方法；途径；接近,vt. 接近；着手处理,vi. 靠近",
brown,"adj. 棕色的，褐色的；太阳晒黑的,vi. 变成褐色,n. 褐色，棕色,vt. 使变成褐色,n. (Brown)人名；(英、意、芬、捷、德、法、西、葡)布朗",
physical,"adj. [物] 物理的；身体的；物质的；根据自然规律的，符合自然法则的,n. 体格检查",
operating,"adj. 操作的；[外科] 外科手术的,v. 操作（operate的ing形式）；动手术",
hill,"n. 小山；丘陵；斜坡；山冈,n. (Hill)人名；(法、西)伊尔；(德、英、匈、捷、罗、芬、瑞典)希尔",
medicine,"n. 药；医学；内科；巫术,vt. 用药物治疗；给…用药",
deal,"vt. 处理；给予；分配；发牌,vi. 处理；讨论；对待；做生意,n. 交易；（美）政策；待遇；份量,n. (Deal)人名；(英、西)迪尔",
hold,"vt. 持有；拥有；保存；拘留；约束或控制,vi. 支持；有效；持续,n. 控制；保留,n. (Hold)人名；(英、德、捷)霍尔德,又作“Hold住”使用，中英混用词汇，表示轻松掌控全局。,[ 过去式 held 过去分词 held或holden 现在分词 holding ]",
glass,"n. 玻璃；玻璃制品；镜子,vt. 反映；给某物加玻璃,vi. 成玻璃状,n. (Glass)人名；(英、法、德、意)格拉斯",
happy,"adj. 幸福的；高兴的；巧妙的,n. (Happy)人名；(英、瑞典、喀)哈皮",
smith,"n. 铁匠；锻工；制作者,vt. 锻制,vi. 锻打金属；当锻工",
wanted,"adj. 受通缉的；被征求的,v. 缺少( want的过去式和过去分词 )；应该；打算；需要…在场",
developed,adj. 发达的（国家或地区）；成熟的,
thank,"vt. 感谢,n. 感谢,int. 谢谢",
safe,"adj. 安全的；可靠的；平安的,n. 保险箱；冷藏室；纱橱,n. (Safe)人名；(几)萨菲",
unique,"adj. 独特的，稀罕的；[数] 唯一的，独一无二的,n. 独一无二的人或物,n. (Unique)人名；(英)尤妮克",
survey,"n. 调查；测量；审视；纵览,vt. 调查；勘测；俯瞰,vi. 测量土地",
prior,"adj. 优先的；在先的，在前的,n. 小修道院院长；大修道院的副院长; （隐修院）会长; 犯罪前科,n. (Prior)人名；(法、西、葡、捷)普里奥尔；(英)普赖尔；(意)普廖尔",
telephone,"n. （美）电话；电话机；电话耳机,vi. 打电话,vt. 打电话给…",
sport,"n. 运动；游戏；娱乐；运动会；玩笑,vi. 游戏,vt. 游戏；参加体育运动；夸耀,adj. 运动的",
ready,"adj. 准备好；现成的；迅速的；情愿的；快要…的,n. 现款；预备好的状态,adv. 迅速地；预先,vt. 使准备好,n. (Ready)人名；(英)雷迪",
feed,"vt. 喂养；供给；放牧；抚养（家庭等）；靠…为生,vi. 吃东西；流入,n. 饲料；饲养；（动物或婴儿的）一餐",
animal,"n. 动物,动物的",
sources,"n. 来源（source的复数）；输入源；发起者,v. 寻求（source的第三人称单数）；起源；发起",
mexico,n. 墨西哥,
population,n. 人口；[生物] 种群，[生物] 群体；全体居民,
pa,"n. 爸爸（口语）,n. (Pa)人名；(中)巴(普通话·威妥玛)；(柬、缅)巴",
regular,"adj. 定期的；有规律的；合格的；整齐的；普通的,n. 常客；正式队员；中坚分子,adv. 定期地；经常地,n. (Regular)人名；(以)雷古拉尔",
secure,"adj. 安全的；无虑的；有把握的；稳当的,vt. 保护；弄到；招致；缚住,vi. 获得安全；船抛锚；停止工作",
navigation,n. 航行；航海,
operations,n. 运营；运作；业务操作（operation的复数）,
therefore,adv. 因此；所以,
ass,"n. 屁股；驴子；蠢人,n. (Ass)人名；(俄)阿斯",
simply,adv. 简单地；仅仅；简直；朴素地；坦白地,
evidence,"n. 证据，证明；迹象；明显,vt. 证明",
station,"n. 车站；驻地；地位；身份,vt. 配置；安置；驻扎",
christian,"n. 基督徒，信徒,adj. 基督教的；信基督教的",
round,"n. 圆；循环；一回合；圆形物,adj. 圆的；完全的；大概的；肥胖的,adv. 在周围；迂回地；朝反方向；挨个,vt. 完成；围捕；绕行；弄圆,vi. 进展；变圆；环行；发胖,prep. 附近；绕过；大约；在…周围,n. (Round)人名；(英)朗德",
favorite,"n. 幸运儿；喜欢的事物；特别喜欢的人,adj. 最喜爱的；中意的；宠爱的,n. (Favorite)人名；(英)费沃里特",
understand,"vt. 理解；懂；获悉；推断；省略；明白,vi. 理解；懂得；熟悉",
option,n. [计] 选项；选择权；买卖的特权,
master,"vt. 控制；精通；征服,n. 硕士；主人；大师；教师,adj. 主人的；主要的；熟练的,n. (Master)人名；(英)马斯特",
valley,"n. 山谷；流域；溪谷,n. (Valley)人名；(英)瓦利；(法)瓦莱",
recently,adv. 最近；新近,
probably,adv. 大概；或许；很可能,
sea,n. 海；海洋；许多；大量,
built,"v. 建造（build的过去分词）,adj. 身段优美的；…建成的",
publications,n. 出版物（publication的复数）,
blood,"n. 血，血液；血统,vt. 从…抽血；使先取得经验,n. (Blood)人名；(英、西)布拉德",
cut,"n. 伤口；切口；削减；（服装等的）式样；削球；切入,vt. [机] 切割；削减；缩短；刺痛,vi. [机] 切割；相交；切牌；停拍；不出席,adj. 割下的；雕过的；缩减的",
worldwide,"adj. 全世界的,adv. 在世界各地",
improve,"vt. 改善，增进；提高…的价值,vi. 增加；变得更好",
connection,n. 连接；关系；人脉；连接件,
publisher,n. 出版者，出版商；发行人,
hall,"n. 过道，门厅，走廊；会堂；食堂；学生宿舍；大厅，前厅；娱乐中心，会所,n. （土）哈勒（人名）；（德、波、丹、芬、瑞典）哈尔（人名）；（英）霍尔（人名）；（法）阿尔（人名）",
larger,adj. 大的；多量的；大的( large的比较级 )；大规模的；众多的；（服装、食物、日用品等）大型号的,
anti,"adj. 反对的,n. 反对者，反对论者,n. (Anti)人名；(意)安蒂；(阿拉伯)安提",
earth,"n. 地球；地表，陆地；土地，土壤；尘事，俗事；兽穴,vt. 把（电线）[电] 接地；盖（土）；追赶入洞穴,vi. 躲进地洞",
parents,"n. 父母；双亲（parent的复数）,v. 教养；引起（parent的三单形式）,n. (Parents)人名；(法)帕朗",
impact,"n. 影响；效果；碰撞；冲击力,vt. 挤入，压紧；撞击；对…产生影响,vi. 影响；撞击；冲突；压紧（on，upon，with）",
transfer,"n. 转让；转移；传递；过户,vi. 转让；转学；换车,vt. 使转移；调任",
introduction,n. 介绍；引进；采用；入门；传入,
kitchen,"n. 厨房；炊具；炊事人员,n. (Kitchen)人名；(英)基钦",
strong,"adj. 坚强的；强壮的；牢固的；擅长的,adv. 强劲地；猛烈地,n. (Strong)人名；(英)斯特朗",
carolina,n. 卡罗莱纳州（在美国东南部）,
wedding,"n. 婚礼，婚宴；结婚；结合,v. 与…结婚（wed的ing形式）,n. (Wedding)人名；(德)韦丁",
properties,n. 性能；道具，内容（property的复数形式）,
hospital,"n. 医院,n. (Hospital)人名；(英)霍斯皮特尔",
ground,"n. 地面；土地；范围；战场;根据,vt. 使接触地面；打基础；使搁浅,vi. 着陆；搁浅,adj. 土地的；地面上的；磨碎的；磨过的,v. 研磨（grind的过去分词）；压迫",
overview,n. [图情] 综述；概观,
ship,"vt. 运送，乘船；以船运送,vi. 上船；乘船旅行；当船员,n. 船；舰；太空船,n. (Ship)人名；(中)摄(广东话·威妥玛)",
accommodation,n. 住处，膳宿；调节；和解；预订铺位,
owners,n. [工经] 业主（owner的复数）；[经] 所有者,
disease,"n. 病，[医] 疾病；弊病,vt. 传染；使…有病",
excellent,adj. 卓越的；极好的；杰出的,
paid,"adj. 付清的；已付的,vt. 支付（pay的过去式和过去分词）；付清",
italy,n. 意大利（欧洲南部国家）,
perfect,"adj. 完美的；最好的；精通的,vt. 使完美；使熟练,n. 完成式,n. (Perfect)人名；(英)珀费克特",
hair,"n. 头发；毛发；些微,vt. 除去…的毛发,vi. 生长毛发；形成毛状纤维,adj. 毛发的；护理毛发的；用毛发制成的",
opportunity,n. 时机，机会,
kit,"n. 工具箱；成套工具,vt. 装备,vi. 装备,n. (Kit)人名；(俄)基特；(东南亚国家华语)吉；(英)基特，姬特(女名)(教名 Christopher、Katherine 的昵称)",
classic,"adj. 经典的；古典的，传统的；最优秀的,n. 名著；经典著作；大艺术家",
basis,n. 基础；底部；主要成分；基本原则或原理,
command,"vi. 命令，指挥；控制,vt. 命令，指挥；控制；远望,n. 指挥，控制；命令；司令部,n. (Command)人名；(法)科芒",
cities,n. 城市（city的复数）,
william,n. 威廉（男子名）；钞票，纸币,
express,"vt. 表达；快递,adj. 明确的；迅速的；专门的,n. 快车，快递，专使；捷运公司",
anal,"adj. [解剖] 肛门的，直肠的；肛门附近的,n. (Anal)人名；(土)阿纳尔",
award,"vt. 授予；判定,n. 奖品；判决",
distance,"n. 距离；远方；疏远；间隔,vt. 疏远；把…远远甩在后面",
tree,"n. 树；木料；树状物,vt. 把...赶上树,vi. 爬上树；逃上树,n. (Tree)人名；(英)特里",
peter,"vt. 逐渐消失；耗尽,vi. 使…精疲力竭,n. 麻醉品；保险箱,n. 彼得(男子名)",
assessment,n. 评定；估价,
ensure,vt. 保证，确保；使安全,
thus,"adv. 因此；从而；这样；如此,conj. 因此",
wall,"n. 墙壁，围墙；似墙之物,vt. 用墙围住，围以墙,adj. 墙壁的,n. (Wall)人名；(英)沃尔；(德、芬、捷、瑞典)瓦尔",
involved,"adj. 有关的；卷入的；复杂的,v. 涉及；使参与；包含（involve的过去式和过去分词）",
extra,"adv. 特别地，非常；另外,n. 临时演员；号外；额外的事物；上等产品,adj. 额外的，另外收费的；特大的",
especially,adv. 特别；尤其；格外,
interface,"n. 界面；<计>接口；交界面,v. （使通过界面或接口）接合，连接；[计算机]使联系,vi. 相互作用（或影响）；交流，交谈",
pussy,"n. 猫咪；阴门,adj. 多脓的",
partners,"n. 伙伴（partner的复数形式）；合作伙伴；[法] 合伙人,v. 合伙；成为搭档（partner的第三人称单数）",
budget,"n. 预算，预算费,vt. 安排，预定；把…编入预算,vi. 编预算，做预算,adj. 廉价的",
rated,"adj. 额定的,v. 认为（rate的过去分词）；估价",
guides,"n. 指南；参考线；辅助线,v. 指导（guide的第三人称单数形式）；带路",
success,n. 成功，成就；胜利；大获成功的人或事物,
maximum,"n. [数] 极大，最大限度；最大量,adj. 最高的；最多的；最大极限的",
ma,"n. 妈,n. (Ma)人名；(老、柬、刚(金))马",
operation,n. 操作；经营；[外科] 手术；[数][计] 运算,
existing,"adj. 目前的；现存的,v. 存在（exist的现在分词）",
quite,adv. 很；相当；完全,
selected,adj. 挑选出来的,
boy,"n. 男孩；男人,n. (Boy)人名；(英、德、西、意、刚(金)、印尼、瑞典)博伊；(法)布瓦",
patients,n. [医] 病人（patient的复数形式）,
restaurants,n. 餐厅；[经] 饭店（restaurant的复数）,
beautiful,"adj. 美丽的,出色地,出色的,迷人的,迷人地",
warning,"n. 警告；预兆；预告,adj. 警告的；引以为戒的,v. 警告（warn的ing形式）,n. (Warning)人名；(德)瓦宁",
wine,"n. 酒，葡萄酒；紫红色,vi. 喝酒,vt. 请…喝酒,n. (Wine)人名；(英)瓦恩",
locations,n. 位置；地点（location的复数）；定位件,
horse,"n. 马；骑兵；脚架；海洛因,vt. 使骑马；系马于；捉弄,vi. 骑马；作弄人,n. (Horse)人名；(瑞典)霍尔瑟",
vote,"n. 投票，选举；选票；得票数,vt. 提议，使投票；投票决定；公认,vi. 选举，投票,n. (Vote)人名；(英、法)沃特",
forward,"adj. 向前的；早的；迅速的,adv. 向前地；向将来,vt. 促进；转寄；运送,n. 前锋,n. (Forward)人名；(英)福沃德",
stars,"n. 明星类，明星（star的复数形式）,v. 点缀；成辐射状开裂；使担任主角（star的第三人称单数）,abbr. specialized training and reassignment students 经过专门训练后再分配的学生；stationary automotive road stimulator (Toyota) 汽车公路固定刺激物（丰田汽车）",
significant,"adj. 重大的；有效的；有意义的；值得注意的；意味深长的,n. 象征；有意义的事物",
lists,"n. 竞技场,竞技场围栏",
technologies,n. 技术；科技（technology的复数）,
owner,n. [经] 所有者；物主,
retail,"vt. 零售；转述,vi. 零售,n. 零售,adv. 以零售方式,adj. 零售的,n. (Retail)人名；(法)勒塔伊",
useful,adj. 有用的，有益的；有帮助的,
directly,"adv. 直接地；立即；马上；正好地；坦率地,conj. 一…就",
manufacturer,n. 制造商；[经] 厂商,
ways,"n. 方法（way的复数）；滑路,n. (Ways)人名；(吉布)瓦伊斯",
son,"n. 儿子；孩子（对年轻人的称呼）；男性后裔,n. (Son)人名；(土、老、柬)松；(法、罗)索恩；(日)存(名)；(日)孙(姓)；(越)山",
providing,"conj. 假如，以…为条件,v. 供给（provide的ing形式）；预备",
rule,"vi. 统治；管辖；裁定,n. 统治；规则,vt. 统治；规定；管理；裁决；支配,n. (Rule)人名；(英)鲁尔；(塞)鲁莱",
housing,n. 房屋；住房供给；[机] 外壳；遮盖物；机器等的防护外壳或外罩,
takes,vt. 取走，预备动作（take第三人称单数）,
bring,"vt. 拿来；带来；促使；引起；使某人处于某种情况或境地,n. (Bring)人名；(英、瑞典)布林",
catalog,"n. [图情][计] 目录；登记,vt. 登记；为…编目录,vi. 编目录；按确定价格收入目录（等于catalogue）",
trying,"adj. 难受的；难堪的；费劲的；令人厌烦的,v. 尝试（try的ing形式）；试验",
mother,"n. 母亲；大娘；女修道院院长,vt. 生下；养育；像母亲般关怀或照管,adj. 母亲的；出生地的",
authority,n. 权威；权力；当局,
considered,adj. 经过深思熟虑的；被尊重的,
told,v. 告诉（tell的过去式）；讲述,
xml,abbr. 可扩展标示语言（Extensive Markup Language）,
traffic,"n. 交通；运输；贸易；[通信] 通信量,vt. 用…作交换；在…通行,vi. 交易，买卖",
programme,"n. 计划，规划；节目；程序,vi. 编程序；制作节目,vt. 规划；拟…计划",
joined,v. 加入；参加（join的过去式，过去分词）；[计] 连接,
input,"n. 投入；输入电路,vt. [自][电子] 输入；将…输入电脑",
strategy,n. 战略，策略,
feet,n. 脚（foot的复数形式）；尺；韵脚,
agent,"n. 代理人，代理商；药剂；特工,vt. 由…作中介；由…代理,adj. 代理的,n. (Agent)人名；(罗)阿真特",
valid,adj. 有效的；有根据的；合法的；正当的,
bin,"n. 箱子，容器；二进制,vt. 把…放入箱中,n. (Bin)人名；(意、柬)宾；(日)敏(名)；(东南亚国家华语)民",
modern,"adj. 现代的，近代的；时髦的,n. 现代人；有思想的人",
senior,"adj. 高级的；年长的；地位较高的；年资较深的，资格较老的,n. 上司；较年长者；毕业班学生,n. (Senior)人名；(英)西尼尔",
ireland,n. 爱尔兰,
sexy,adj. 性感的；迷人的；色情的,
teaching,"n. 教学；教义,v. 教学；教导（teach的ing形式）",
door,"n. 门；家，户；门口；通道,n. (Door)人名；(英)多尔",
grand,"adj. 宏伟的；豪华的；极重要的,n. 大钢琴；一千美元,n. (Grand)人名；(法)格朗；(英、瑞典)格兰德",
testing,"n. [试验] 测试,adj. 试验的；棘手的,v. 测验；考查；受考验（test的ing形式）",
trial,"n. 试验；审讯；努力；磨炼,adj. 试验的；审讯的,n. (Trial)人名；(法)特里亚尔",
charge,"n. 费用；电荷；掌管；控告；命令；负载,vt. 使充电；使承担；指责；装载；对…索费；向…冲去,vi. 充电；控告；索价；向前冲；记在账上,n. (Charge)人名；(法)沙尔热；(英)查奇",
units,n. [计量] 单位,
instead,adv. 代替；反而；相反,
canadian,"adj. 加拿大（人）的,n. 加拿大人",
cool,"adj. 凉爽的；冷静的；出色的,vt. 使…冷却；使…平静下来,vi. 变凉；平息,n. 凉爽；凉爽的空气,adv. 冷静地,n. (Cool)人名；(法)科尔；(英)库尔",
normal,"adj. 正常的；正规的；标准的,n. 正常；标准；常态；法线（数学）,n. (Normal)人名；(德)诺马尔",
wrote,v. 写（write的过去式）,
enterprise,n. 企业；事业；进取心；事业心,
entire,"adj. 全部的，整个的；全体的,n. (Entire)人名；(英)恩泰尔",
educational,adj. 教育的；有教育意义的,
leading,"adj. 领导的；主要的,n. 领导；铅板；行距,v. 领导（lead的ing形式）",
metal,"n. 金属；合金,vt. 以金属覆盖,adj. 金属制的,n. (Metal)人名；(捷)梅塔尔；(瑞典)梅塔尔",
positive,"adj. 积极的；[数] 正的，[医][化学] 阳性的；确定的，肯定的；实际的，真实的；绝对的,n. 正数；[摄] 正片",
fitness,n. 健康；适当；适合性,
chinese,"n. 中文，汉语；中国人,adj. 中国的，中国人的；中国话的",
opinion,n. 意见；主张,
asia,n. 亚洲,
football,"n. 足球，橄榄球,vi. 踢足球；打橄榄球",
abstract,"n. 摘要；抽象；抽象的概念,adj. 抽象的；深奥的,vt. 摘要；提取；使……抽象化；转移(注意力、兴趣等)；使心不在焉,vi. 做摘要；写梗概",
output,"n. 输出，输出量；产量；出产,vt. 输出",
funds,"n. [会计] 资金，现金（fund的复数）；基金,v. 资助（fund的三单形式）；提供资金",
likely,"adj. 很可能的；合适的；有希望的,adv. 很可能；或许",
develop,"vt. 开发；进步；使成长；使显影,vi. 发育；生长；进化；显露",
employees,n. 员工；[劳经] 雇员；从业人员（employee的复数）,
alternative,"adj. 供选择的；选择性的；交替的,n. 二中择一；供替代的选择",
processing,v. 加工；[自] 处理；对…起诉（process的ing形式）,
responsibility,n. 责任，职责；义务,
resolution,n. [物] 分辨率；决议；解决；决心,
java,n. 爪哇岛（位于印尼）；Sun公司推出的一种应用程序开发语言,
guest,"n. 客人，宾客；顾客,vt. 款待，招待,vi. 作客，寄宿,adj. 客人的；特邀的，客座的,n. (Guest)人名；(英)格斯特",
publication,n. 出版；出版物；发表,
pass,"n. 及格；经过；护照；途径；传球,vi. 经过；传递；变化；终止,vt. 通过；经过；传递,n. (Pass)人名；(英、法、德、俄)帕斯",
relations,n. 关系；交往；事务,
trust,"n. 信任，信赖；责任；托拉斯,vt. 信任，信赖；盼望；赊卖给,vi. 信任，信赖；依靠,n. (Trust)人名；(英)特拉斯特",
van,"n. 先锋；厢式货车；增值网,vt. 用车搬运,n. (Van)人名；(老、泰、柬、缅)万",
contains,"v. 包含；容纳；包含某字符串（contain的单三形式）,n. 包含",
session,n. 会议；（法庭的）开庭；（议会等的）开会；学期；讲习会,
multi,pref. 多,
photography,n. 摄影；摄影术,
republic,n. 共和国；共和政体,
components,n. 部件；组件；成份（component复数）,
vacation,"n. 假期；（房屋）搬出,vi. 休假，度假",
century,n. 世纪，百年；（板球）一百分,
academic,"adj. 学术的；理论的；学院的,n. 大学生，大学教师；学者",
assistance,n. 援助，帮助；辅助设备,
completed,"adj. 完整的；完全的,v. 完成（complete的过去分词）",
skin,"n. 皮肤；外皮,vt. 剥皮,vi. 愈合；长皮",
graphics,n. [测] 制图学；制图法；图表算法,
prev,abbr. 上一个（previous）,
mary,n. 玛丽（女子名）,
expected,"adj. 预期的；预料的,v. 预期；盼望（expect的过去分词）",
ring,"vi. 按铃；敲钟；回响；成环形,n. 戒指；铃声，钟声；拳击场；环形物,vt. 按铃；包围；敲钟；套住,n. (Ring)人名；(英、西、德、匈、瑞典、芬)林",
grade,"n. 年级；等级；成绩；级别；阶段,vt. 评分；把…分等级,vi. 分等级；逐渐变化,n. (Grade)人名；(英)格雷德；(法、德、西、葡、塞、瑞典)格拉德",
dating,"n. 约会；记日期的；注明日期,v. 约会；定日期（date的ing形式）",
pacific,"adj. 和平的；温和的；平静的,n. 太平洋,adj. 太平洋的",
mountain,"n. 山；山脉,n. (Mountain)人名；(英)芒廷",
organizations,n. 组织，构造，有机体（organization的复数）；组织机构,
pop,"n. 流行音乐；汽水；砰然声；枪击,vi. 突然出现；爆开；射击；瞪大；发出爆裂声,vt. 取出；开枪打；抛出；突然伸出；突然行动,adj. 流行的；通俗的；热门的,adv. 突然；砰地,abbr. 邮局协议（post office protocol）,n. (Pop)人名；(罗、捷、塞)波普",
filter,"vi. 滤过；渗入；慢慢传开,n. 滤波器；[化工] 过滤器；筛选；滤光器,vt. 过滤；渗透；用过滤法除去,n. (Filter)人名；(德)菲尔特",
mailing,"n. 邮寄；邮件；（苏格兰）农场租金,adj. 邮递的,v. 邮寄；给…装甲（mail的ing形式）,n. (Mailing)人名；(捷)迈林",
vehicle,n. [车辆] 车辆；工具；交通工具；运载工具；传播媒介；媒介物,
longer,长的（long的比较级）,
consider,"vt. 考虑；认为；考虑到；细想,vi. 考虑；认为；细想",
int,abbr. 整数，中断；国际组织（International organizations）,
northern,"adj. 北部的；北方的,n. 北部方言",
behind,"prep. 落后于；支持；晚于,adv. 在后地；在原处,n. 屁股",
panel,"n. 仪表板；嵌板；座谈小组，全体陪审员,vt. 嵌镶板,n. (Panel)人名；(英、法)帕内尔",
floor,"n. 地板，地面；楼层；基底；议员席,vt. 铺地板；打倒，击倒；（被困难）难倒",
german,"adj. 德国的；德语的，德国人的,n. 德语；德国人",
buying,"n. 买进,v. 购买；获得；收买（buy的ing形式）",
match,"vt. 使比赛；使相配；敌得过，比得上；相配；与…竞争,vi. 比赛；匹配；相配，相称；相比,n. 比赛，竞赛；匹配；对手；火柴",
proposed,"adj. 被提议的；所推荐的,v. 提议；计划（propose的过去式和过去分词）",
default,"vi. 拖欠；不履行；不到场,n. 违约；缺席；缺乏；系统默认值,vt. 不履行；不参加（比赛等）；对…处以缺席裁判",
require,vt. 需要；要求；命令,
iraq,n. 伊拉克（西南亚国家）,
boys,"n. 男孩子们；小伙子们（boy的复数）,n. (Boys)人名；(西)博伊斯；(法)布瓦；(英)博伊斯",
outdoor,adj. 户外的；露天的；野外的（等于out-of-door）,
deep,"n. 深处；深渊,adj. 深的；低沉的；深奥的,adv. 深入地；深深地；迟,n. (Deep)人名；(英)迪普",
morning,n. 早晨；黎明；初期,
otherwise,"adv. 否则；另外；在其他方面,adj. 另外的；其他方面的；原本，本来,conj. 其他；如果不；然后",
rest,"vt. 使休息，使轻松；把…寄托于,n. 休息，静止；休息时间；剩余部分；支架,vi. 休息；静止；依赖；安置,n. (Rest)人名；(英、德、俄、捷、荷)雷斯特",
protein,"n. 蛋白质；朊,adj. 蛋白质的",
plant,"n. 工厂，车间；植物；设备；庄稼,vt. 种植；培养；栽培；安置,vi. 种植,n. (Plant)人名；(英、西、意)普兰特；(法)普朗",
reported,"adj. 报告的；据报道的,v. 报道（report的过去分词）；报告；记录",
hit,"vt. 打击；袭击；碰撞；偶然发现；伤…的感情,vi. 打；打击；碰撞；偶然碰上,n. 打；打击；（演出等）成功；讽刺",
transportation,n. 运输；运输系统；运输工具；流放,
mm,"abbr. 毫米（millimeter）,n. 缅甸的域名",
pool,"n. 联营；撞球；水塘；共同资金,vi. 联营，合伙经营,vt. 合伙经营,n. (Pool)人名；(英、西)普尔；(芬、德)波尔",
mini,"n. 迷你型；微型汽车；超短裙,adj. 微型的；袖珍的,abbr. 微型汽车（minicar）；微型计算机（minicomputer）,n. (Mini)人名；(意、土、法)米尼",
politics,n. 政治，政治学；政治活动；政纲,
partner,"n. 伙伴；合伙人；配偶,vi. 合伙；合股；成为搭档,vt. 使合作；与…合伙,n. (Partner)人名；(英、德)帕特纳",
disclaimer,n. 不承诺，免责声明；放弃，拒绝,
faculty,n. 科，系；能力；全体教员,
fish,"vi. 捕鱼，钓鱼；用钩捞取,n. 鱼，鱼类,vt. 钓鱼，捕鱼；搜寻,n. (Fish)人名；(英、西)菲什；(俄)菲施",
membership,n. 资格；成员资格；会员身份,
mission,"n. 使命，任务；代表团；布道,vt. 派遣；向……传教",
eye,"n. 眼睛；视力；眼光；见解，观点,vt. 注视，看,n. (Eye)人名；(德)艾厄；(英)艾",
string,n. 线，弦，细绳；一串，一行,
sense,"n. 感觉，功能；观念；道理；理智,vt. 感觉到；检测,n. 森斯（人名）",
modified,"adj. 改进的，修改的；改良的,v. 修改；缓和（modify的过去分词）",
pack,"n. 包装；一群；背包；包裹；一副,vt. 包装；压紧；捆扎；挑选；塞满,vi. 挤；包装货物；被包装；群集,n. (Pack)人名；(英、德)帕克",
released,v. 释放（release的过去式）；已发布,
stage,"n. 阶段；舞台；戏剧；驿站,vt. 举行；上演；筹划,vi. 举行；适于上演；乘驿车旅行,n. (Stage)人名；(英)斯特奇",
internal,"n. 内脏；本质,adj. 内部的；里面的；体内的；（机构）内部的",
goods,n. 商品；动产；合意的人；真本领,
recommended,"adj. 被推荐的,v. 推荐，介绍；建议（recommend的过去分词）",
born,"v. 出世（bear的过去分词）,adj. 天生的,n. (Born)人名；(柬)邦；(英、西、俄、捷、德、瑞典、匈)博恩",
unless,"conj. 除非，如果不,prep. 除…之外",
richard,n. 理查德（男子名）,
detailed,"adj. 详细的，精细的；复杂的，详尽的,v. 详细说明（detail的过去分词）",
japanese,"adj. 日本（人）的；日语的,n. 日本人；日语",
race,"n. 属，种；种族，人种；家庭，门第；赛事，赛跑,vt. 使参加比赛；和…竞赛；使急走，使全速行进,vi. 比速度，参加竞赛；全速行进,n. (Race)人名；(英)雷斯；(塞)拉采",
approved,"adj. 被认可的；经过检验的,v. 核准；认可（approve的过去式）",
background,"n. 背景；隐蔽的位置,vt. 作…的背景,adj. 背景的；发布背景材料的",
target,"n. 目标，指标；（攻击的）对象；靶子,v. 把...作为目标；面向，对准（某群体）,n. （Target）美国塔吉特公司",
except,"vt. 不计；把…除外,vi. 反对,prep. 除…之外,conj. 除了；要不是",
character,"n. 性格，品质；特性；角色；[计] 字符,vt. 印，刻；使具有特征,n. (Character)人名；(英)克拉克特",
maintenance,n. 维护，维修；保持；生活费用,
ability,n. 能力，能耐；才能,
maybe,"adv. 也许；可能；大概,n. 可能性；不确定性",
functions,n. [计] 功能；[数] 函数（function的复数形式）,
moving,"adj. 移动的；动人的；活动的,v. 移动（move的ing形式）",
places,"n. 地点；位置；位数（place的复数）,v. 放置（place的第三人称单数）",
pretty,"adj. 漂亮的；可爱的；优美的,adv. 相当地；颇,n. 有吸引力的事物（尤指饰品）；漂亮的人,n. Pretty，普雷蒂（人名）",
spain,n. 西班牙,
southern,"adj. 南的；南方的,n. 南方人,n. (Southern)人名；(英)萨瑟恩",
yourself,pron. 你自己,
etc,adv. 等等，及其他,
winter,"n. 冬季；年岁；萧条期,vi. 过冬,adj. 冬天的；越冬的,n. (Winter)人名；(英、德、匈、罗、捷、西、芬、瑞典、法)温特",
rape,"n. 强奸，掠夺；[园艺] 油菜；葡萄渣,vt. 强奸；掠夺，抢夺,vi. 犯强奸罪",
battery,"n. [电] 电池，蓄电池,n. [法]殴打,n. [军]炮台，炮位",
youth,"n. 青年；青春；年轻；青少年时期,n. (Youth)《芳华》（电影名）",
pressure,"n. 压力；压迫，[物] 压强,vt. 迫使；密封；使……增压",
boston,n. 波士顿（美国城市）,
incest,n. 乱伦；近亲通婚,
debt,n. 债务；借款；罪过,
medium,"adj. 中间的，中等的；半生熟的,n. 方法；媒体；媒介；中间物",
television,n. 电视，电视机；电视业,
interested,"adj. 感兴趣的；有权益的；有成见的,v. 使…感兴趣（interest的过去分词）",
core,"n. 核心；要点；果心；[计] 磁心,vt. 挖...的核,n. (Core)人名；(英)科尔；(西、意)科雷",
break,"vi. 打破；折断；弄坏；削弱,vt. （使）破；打破（纪录）；（常指好天气）突变；开始,vi. （嗓音）突变；突破；破晓；（价格）突然下跌,n. 破裂；间断；（持续一段时间的状况的）改变；间歇",
throughout,"adv. 自始至终，到处；全部,prep. 贯穿，遍及",
dance,"n. 舞蹈；舞会；舞曲,vi. 跳舞；跳跃；飘扬,vt. 跳舞；使跳跃,adj. 舞蹈的；用于跳舞的,n. (Dance)人名；(英)丹斯；(法)当斯",
wood,"n. 木材；木制品；树林,vi. 收集木材,vt. 植林于；给…添加木柴,n. (Wood)人名；(英、法、西、葡、阿拉伯)伍德",
itself,pron. 它自己；它本身,
defined,"adj. 有定义的，确定的；清晰的，轮廓分明的,v. 使明确；给...下定义；使...的轮廓分明（define的过去分词）",
papers,"n. 文件；证件；论文数,n. (Papers)人名；(希)帕佩尔斯",
playing,"n. 比赛；演奏,v. 玩耍（play的ing形式）",
fee,"n. 费用；酬金；小费,vt. 付费给……,n. (Fee)人名；(英、柬)菲",
studio,n. 工作室；[广播][电视] 演播室；画室；电影制片厂,
reader,"n. 读者；阅读器；读物,n. (Reader)人名；(英)里德",
virtual,adj. [计] 虚拟的；实质上的，事实上的（但未在名义上或正式获承认）,
device,n. 装置；策略；图案；设备,
established,adj. 确定的；已制定的，已建立的,
answers,"n. 答案，回答（answer的复数）,v. 回答（answer的三单形式）",
rent,"n. 租金,vt. 出租；租用；租借,vi. 租；出租,n. (Rent)人名；(瑞典)伦特",
remote,"adj. 遥远的；偏僻的；疏远的,n. 远程",
dark,"adj. 黑暗的，深色的；模糊的；无知的；忧郁的,n. 黑暗；夜；黄昏；模糊,n. （Dark）人名；（英）达克,n. （Dark）《暗黑》（一部2017年Netflix出品的德国惊悚剧）",
programming,n. 设计，规划；编制程序，[计] 程序编制,
external,"adj. 外部的；表面的；[药] 外用的；外国的；外面的,n. 外部；外观；外面",
apple,n. 苹果，苹果树，苹果似的东西；[美俚]炸弹，手榴弹，（棒球的）球；[美俚]人，家伙。,
regarding,prep. 关于，至于,
instructions,n. 指令；说明（instruction的复数形式）,
min,分钟(minute),
offered,"v. 提供，提议；奉献（offer过去时态）,adj. 提供的，提议的",
theory,n. 理论；原理；学说；推测,
enjoy,vt. 欣赏，享受；喜爱；使过得快活,
remove,"vt. 移动，迁移；开除；调动,vi. 移动，迁移；搬家,n. 移动；距离；搬家",
aid,"n. 援助；帮助；助手；帮助者,vt. 援助；帮助；有助于,vi. 帮助,n. (Aid)人名；(阿拉伯、印、英)艾德",
surface,"n. 表面；表层；外观,adj. 表面的，肤浅的,vi. 浮出水面,vt. 使浮出水面；使成平面,n. (Surface)人名；(英)瑟菲斯",
minimum,"n. 最小值；最低限度；最小化；最小量,adj. 最小的；最低的",
visual,adj. 视觉的，视力的；栩栩如生的,
host,"n. [计] 主机；主人；主持人；许多,vt. 主持；当主人招待,vi. 群集；做主人",
variety,n. 多样；种类；杂耍；变化，多样化,
teachers,n. 教师（teacher的复数形式）,
martin,n. 紫崖燕,
manual,"adj. 手工的；体力的,n. 手册，指南",
block,"n. 块；街区；大厦；障碍物,vt. 阻止；阻塞；限制；封盖,adj. 成批的，大块的；交通堵塞的,n. (Block)人名；(英、法、德、西、葡、芬、罗)布洛克",
subjects,"n. 学科；科目（subject的复数）；[图情] 主题；被试者,v. 使服从；使经受；提交（subject的三单形式）",
agents,n. 媒介；[法][贸易] 代理人；药剂（agent的复数）,
increased,adj. 增强的（increase的过去分词）,
repair,"vi. 修理；修复,vt. 修理；恢复；补救，纠正,n. 修理，修补；修补部位",
fair,"adj. 公平的；美丽的，白皙的；[气象] 晴朗的,adv. 公平地；直接地；清楚地,vi. 转晴,n. 展览会；市集；美人,n. (Fair)人名；(英、芬)费尔",
civil,"adj. 公民的；民间的；文职的；有礼貌的；根据民法的,n. (Civil)人名；(土)吉维尔；(法)西维尔",
steel,"n. 钢铁；钢制品；坚固,vt. 钢化；使冷酷,adj. 钢制的；钢铁业的；坚强的,n. (Steel)人名；(德)施特尔；(英)斯蒂尔",
understanding,"n. 谅解，理解；理解力；协议,adj. 了解的；聪明的；有理解力的,v. 理解；明白（understand的ing形式）",
fixed,"adj. 确定的；固执的；<美口>处境...的；准备好的,v. 修理（过去式）",
wrong,"adv. 错误地；邪恶地，不正当地,n. 坏事；不公正,adj. 错误的；失常的；不适当的,vt. 委屈；无理地对待；诽谤,n. (Wrong)人名；(英)朗",
beginning,"n. 开始；起点,v. 开始；创建（begin的ing形式）",
hands,"n. [解剖] 手（hand的复数）,v. 给，传递（hand的单三形式）,n. (Hands)人名；(英)汉兹",
associates,"n. 同伴；合作人；联合公司（associate的复数形式）,v. 联合（associate的第三人称单数形式）；把…联系起来",
finally,adv. 最后；终于；决定性地,
desktop,n. 桌面；台式机,
classes,n. 级别，阶级（class复数形式）,
paris,n. 巴黎（法国首都）；帕里斯（特洛伊王子）,
ohio,n. 俄亥俄州（美国一个州）,
sector,"n. 部门；扇形，扇区；象限仪；函数尺,vt. 把…分成扇形",
capacity,n. 能力；容量；资格，地位；生产力,
jersey,"n. 运动衫，毛线衫,n. (Jersey)人名；(英)泽西；(德)耶尔赛",
un,"pron. 家伙，东西,n. (Un)人名；(柬)温",
fat,"adj. 肥的，胖的；油腻的；丰满的,n. 脂肪，肥肉,vt. 养肥；在…中加入脂肪,vi. 长肥,n. (Fat)人名；(法、西、塞)法特；(东南亚国家华语)发",
fully,"adv. 充分地；完全地；彻底地,n. (Fully)人名；(法)菲利",
father,"n. 父亲，爸爸；神父；祖先；前辈,vt. 发明，创立；当…的父亲",
electric,"adj. 电的；电动的；发电的；导电的；令人震惊的,n. 电；电气车辆；带电体",
saw,"vt. 看见；明白，了解；锯；锯成；锯开,vi. 锯；用锯；将某物锯成小块,n. 锯子；谚语,v. see的过去式",
instruments,"n. [仪] 仪器（instrument的复数）；[机] 工具；乐器,v. 用器械装备；给乐器谱写（instrument的三单形式）",
quotes,"n. 引用，引号；报价（quote的复数）,v. 报价（quote的第三人称单数）；引用；复述",
officer,"n. 军官，警官；公务员，政府官员；船长,vt. 指挥,n. (Officer)人名；(英)奥菲瑟",
driver,"n. 驾驶员；驱动程序；起子；传动器,n. (Driver)人名；(德)德里弗；(英)德赖弗",
dead,"adj. 无生命的；呆板的；废弃了的,adv. 完全地,n. 死者",
respect,"n. 尊敬，尊重；方面；敬意,vt. 尊敬，尊重；遵守",
unknown,"adj. 未知的；陌生的，默默无闻的,n. 未知数；未知的事物，默默无闻的人",
specified,"adj. 规定的；详细说明的,v. 指定；详细说明（specify的过去分词）",
restaurant,n. 餐馆；[经] 饭店,
mike,"n. 扩音器，麦克风；话筒；休息, 游手好闲,vi. 使用扩音器；偷懒, 游手好闲,vt. 用扩音器传送；用窃听器窃听",
trip,"vi. 绊倒；远足；犯错误；轻快地走,n. 旅行；绊倒；差错,vt. 绊倒；使犯错,n. (Trip)人名；(荷)特里普",
worth,"adj. 值…的,n. 价值；财产,n. (Worth)人名；(英)沃思；(德)沃特",
mi,"abbr. 惯性矩（moment of inertia）,n. 大音阶的第三音,n. (Mi)人名；(老、柬)米",
procedures,n. 程序；规程（procedure的复数）,
poor,"adj. 贫穷的；可怜的；贫乏的；卑鄙的,n. (Poor)人名；(英、伊朗)普尔",
teacher,"n. 教师；导师,n. (Teacher)人名；(英)蒂彻",
eyes,"n. 眼睛（eye的复数）,n. (Eyes)人名；(英)艾斯",
relationship,n. 关系；关联,
workers,n. [劳经] 工人，人员；角色（worker复数形式）,
farm,"vi. 种田，务农；经营农场,n. 农场；农家；畜牧场,vt. 养殖；耕种；佃出（土地）",
fucking,"adj. 他妈的；难完成的；非常的；低劣的,v. 欺骗；利用；诅咒（fuck的ing形式）",
peace,"n. 和平；平静；和睦；秩序,n. (Peace)人名；(英)皮斯",
traditional,adj. 传统的；惯例的,
campus,"n. （大学）校园；大学，大学生活；校园内的草地,n. (Campus)人名；(英)坎帕斯；(意、罗)坎普斯；(法)康皮斯",
tom,"n. 雄性动物（尤指雄猫）；汤姆（人名）,v. 〈美口〉(像汤姆叔一样)逆来顺受",
showing,"n. 放映；表演；陈列,v. 展示（show的ing形式）",
creative,adj. 创造性的,
coast,"vi. 滑行；沿岸航行,vt. 沿…岸航行,n. 海岸；滑坡,n. (Coast)人名；(英)科斯特",
benefit,"n. 利益，好处；救济金,vt. 有益于，对…有益,vi. 受益，得益",
progress,"n. 进步，发展；前进,vi. 前进，进步；进行,n. (Progress)人名；(赞)普罗格雷斯",
funding,"n. 提供资金；用发行长期债券的方法来收回短期债券,v. 提供资金；积存（fund的ing形式）",
lord,"n. 主；上帝,int. 主，天啊,vt. 使成贵族,vi. 作威作福，称王称霸,n. (Lord)人名；(瑞典)洛德；(法)洛尔",
grant,"vt. 授予；允许；承认,vi. 同意,n. 拨款；[法] 授予物,n. (Grant)人名；(瑞典、葡、西、俄、罗、英、塞、德、意)格兰特；(法)格朗",
sub,"n. 潜水艇；地铁；替补队员,vi. 代替",
agree,"vt. 同意，赞成；承认；约定，商定,vi. vi. 同意，意见一致；约定，商定",
fiction,n. 小说；虚构，编造；谎言,
hear,"vt. 听到，听；听说；审理,vi. 听；听见",
sometimes,adv. 有时，间或,
beyond,"prep. 超过；越过；那一边；在...较远的一边,adv. 在远处；在更远处,n. 远处",
goes,"vi. 前进；行走（go的第三人称单数形式,n. (Goes)人名；(瑞典)约斯；(法、德)格斯；(荷)胡斯",
families,n. 家庭（family的复数）；家族,
led,v. 领导；通向；指引（lead的过去分词）,
museum,n. 博物馆,
themselves,pron. 他们自己；他们亲自,
fan,"vt. 煽动；刺激；吹拂,vi. 成扇形散开；飘动,n. 迷；风扇；爱好者,n. (Fan)人名；(法、俄)法恩；(柬)方",
transport,"n. 运输；运输机；狂喜；流放犯,vt. 运输；流放；使狂喜",
interesting,adj. 有趣的；引起兴趣的，令人关注的,
blogs,博客,
wife,n. 妻子，已婚妇女；夫人,
evaluation,n. 评价；[审计] 评估；估价；求值,
accepted,"adj. 公认的；录取的；可接受的；已承兑的,v. 接受（accept的过去式及过去分词）",
former,"adj. 从前的，前者的；前任的,n. 模型，样板；起形成作用的人,n. (Former)人名；(法)福尔梅；(德、捷)福尔默",
ten,"num. 十个，十,n. (Ten)人名；(英)坦恩；(意)泰恩；(柬)登",
hits,"n. 击打；网页点击数；采样数（hit的复数）,v. 打击（hit的第三人称单数）",
zone,"n. 地带；地区；联防,vi. 分成区,vt. 使分成地带；环绕,n. (Zone)人名；(塞)佐内",
complex,"adj. 复杂的；合成的,n. 复合体；综合设施",
cat,n. 猫，猫科动物,
galleries,n. 美术馆（gallery的复数）；图表种类,
references,"n. [图情] 参考文献；参照；推荐信（reference的复数）,v. 附…以供参考；把…引作参考（reference的三单形式）",
die,"vi. 死亡；凋零；熄灭,vt. 死，死于…,n. 冲模，钢模；骰子,n. (Die)人名；(西)迭；(阿拉伯)迪埃",
presented,v. 提出（present的过去分词）；呈递，提供,
jack,"n. 千斤顶；[电] 插座；男人,vt. 增加；提醒；抬起；用千斤顶顶起某物,adj. 雄的",
flat,"adj. 平的；单调的；不景气的；干脆的；平坦的；扁平的；浅的,adv. （尤指贴着另一表面）平直地；断然地；水平地；直接地，完全地,n. 平地；公寓；平面,vt. 使变平；[音乐]使（音调）下降，尤指降半音,vi. 逐渐变平；[音乐]以降调唱（或奏）,n. （法）弗拉特（人名）；（英）弗莱特（人名）",
flow,"vi. 流动，涌流；川流不息；飘扬,vt. 淹没，溢过,n. 流动；流量；涨潮，泛滥,n. (Flow)人名；(英)弗洛",
literature,n. 文学；文献；文艺；著作,
respective,adj. 分别的，各自的,
parent,"n. 父亲（或母亲）；父母亲；根源,n. (Parent)人名；(法)帕朗；(英、西)帕伦特",
columbia,n. 哥伦比亚,
setting,"n. 环境；安装；布置；[天] 沉落,v. 放置；沉没；使…处于某位置（set的ing形式）",
scale,"n. 规模；比例；鳞；刻度；天平；数值范围,vi. 衡量；攀登；剥落；生水垢,vt. 测量；攀登；刮鳞；依比例决定,n. (Scale)人名；(意)斯卡莱",
stand,"vi. 站立；位于；停滞,vt. 使站立；忍受；抵抗,n. 站立；立场；看台；停止",
economy,"n. 经济；节约；理财,n. (Economy)人名；(英)伊科诺米",
highest,adj. 最高的,
helpful,adj. 有帮助的；有益的,
monthly,"adj. 每月的，每月一次的；有效期为一个月的,n. 月刊,adv. 每月，每月一次",
critical,adj. 鉴定的；[核] 临界的；批评的，爱挑剔的；危险的；决定性的；评论的,
frame,"n. 框架；结构；[电影] 画面,vt. 设计；建造；陷害；使…适合,vi. 有成功希望,adj. 有木架的；有构架的,n. (Frame)人名；(英)弗雷姆",
musical,"adj. 音乐的；悦耳的,n. 音乐片",
definition,n. 定义；[物] 清晰度；解说,
secretary,n. 秘书；书记；部长；大臣,
networking,"n. 计算机网络的设计；一种互助性的网络体系,v. 交流（network的ing形式）；联络",
path,n. 道路；小路；轨道,
employee,n. 雇员；从业员工,
chief,"n. 首领；酋长；主要部分,adj. 首席的；主要的；主任的,adv. 主要地；首要地",
bottom,"n. 底部；末端；臀部；尽头,adj. 底部的,vt. 装底；测量深浅；查明真相,vi. 到达底部；建立基础,n. (Bottom)人名；(英)博顿",
magazines,n. 杂志（magazine的复数）,
packages,"n. 包装；[邮] 包裹（package的复数）；[计] 程序包,v. 包装（package的三单形式）；装箱",
detail,"n. 细节，详情,vt. 详述；选派,vi. 画详图",
laws,"n. 法律；规章（law的复数）,n. (Laws)人名；(英)劳斯",
changed,"adj. 改变的；变化的,v. 改变（change的过去式和过去分词）",
pet,"n. 宠物；生气；受宠爱的人,vt. 宠爱,vi. 生气；爱抚,adj. 宠爱的,n. (Pet)人名；(俄)佩特；(柬)贝",
heard,"v. 听到（hear的过去式和过去分词）；闻知,n. (Heard)人名；(英)赫德",
begin,"vt. 开始,vi. 开始；首先,,n. (Begin)人名；(以、德)贝京；(英)贝让",
individuals,n. [经] 个人；[生物] 个体（individual的复数）,
colorado,adj. （雪茄浓度、颜色）中等的,
royal,"adj. 皇家的；盛大的；女王的；高贵的；第一流的,n. 王室；王室成员",
clean,"adj. 清洁的，干净的；清白的,vt. 使干净,vi. 打扫，清扫,adv. 完全地,n. 打扫,n. (Clean)人名；(英)克林",
switch,"vt. 转换；用鞭子等抽打,vi. 转换；抽打；换防,n. 开关；转换；鞭子",
russian,"adj. 俄国的；俄语的,n. 俄语；俄国人",
largest,adj. 多量的，最大的（large的最高级）,
african,"adj. 非洲的，非洲人的,n. 非洲人",
guy,"n. 男人，家伙,vt. 嘲弄，取笑,vi. 逃跑,n. (Guy)人名；(西)吉；(法)居伊；(英)盖伊",
titles,"n. [计][图情] 标题；主题（title复数形式）；字幕,v. 加标题于；授予…称号（title的三单形式）",
relevant,adj. 相关的；切题的；中肯的；有重大关系的；有意义的，目的明确的,
guidelines,"n. 指导方针,参考",
justice,"n. 司法，法律制裁；正义；法官，审判员,n. (Justice)人名；(英)贾斯蒂斯，贾斯蒂丝(女名)",
connect,"vt. 连接；联合；关连,vi. 连接，连结；联合",
cup,"n. 杯子；奖杯；酒杯,vt. 使成杯状；为…拔火罐",
basket,"n. 篮子；（篮球比赛的）得分；一篮之量；篮筐,vt. 装入篮",
applied,"adj. 应用的；实用的,v. 应用；实施（apply的过去分词）；敷上",
weekly,"adj. 每周的；周刊的；一周一次的,n. 周刊,adv. 每周一次；逐周",
installation,n. 安装，装置；就职,
described,"v. 描述，描写（describe的过去式）,adj. 描述的",
demand,"vt. 要求；需要；查询,vi. 需要；请求；查问,n. [经] 需求；要求；需要,n. (Demand)人名；(德)德曼德",
suite,n. （一套）家具；套房；组曲；（一批）随员，随从,
square,"adj. 平方的；正方形的；直角的；正直的,vt. 使成方形；与…一致,vi. 一致；成方形,n. 平方；广场；正方形,adv. 成直角地",
attention,n. 注意力；关心；立正！（口令）,
advance,"n. 发展；前进；增长；预付款,vt. 提出；预付；使……前进；将……提前,vi. 前进；进展；上涨,adj. 预先的；先行的",
skip,"vi. 跳跃；跳绳；遗漏；跳读,vt. 跳过；遗漏,n. 跳跃；跳读,n. (Skip)人名；(英)斯基普",
diet,"n. 饮食；食物；规定饮食,vi. 节食,vt. [医] 照规定饮食,n. (Diet)人名；(法)迪耶",
army,n. 陆军，军队,
auction,"vt. 拍卖；竞卖,n. 拍卖",
gear,"n. 齿轮；装置，工具；传动装置,vi. 适合；搭上齿轮；开始工作,vt. 开动；搭上齿轮；使……适合；使……准备好,adj. 好极了,n. (Gear)人名；(英)吉尔",
lee,"n. 保护；背风处,adj. 保护的；庇荫的；避风的,n. (Lee)人名；(朝)李；(中)李(普通话·威妥玛)；(柬)利；(中)李(广东话·威妥玛)",
difference,n. 差异；不同；争执,
correct,"vt. 改正；告诫,vi. 调整；纠正错误,adj. 正确的；恰当的；端正的",
nation,"n. 国家；民族；国民,n. (Nation)人名；(英)内申",
selling,"n. 销售；出售,v. 出售（sell的现在分词形式）,n. (Selling)人名；(英、德、瑞典)塞林",
lots,"n. 大量，许多；一堆；命运（lot的复数）,adv. 很，非常,v. 抽签；分组；把（土地）划分成块（lot的三单形式）",
piece,"n. 块；件；篇；硬币,vt. 修补；接合；凑合",
sheet,"n. 薄片，纸张；薄板；床单,vt. 覆盖；盖上被单；使成大片,vi. 成片流动；大片落下,adj. 片状的,n. (Sheet)人名；(英)希特",
firm,"adj. 坚定的；牢固的；严格的；结实的,vt. 使坚定；使牢固,vi. 变坚实；变稳固,adv. 稳固地,n. 公司；商号",
seven,"num. 七个，七,n. 七个，七,adj. 七的；七个的,n. (Seven)人名；(土库、阿塞)谢文；(土)塞文",
older,"adj. 年长的；较旧的,n. (Older)人名；(英)奥尔德",
illinois,n. 伊利诺斯州（美国州名）,
regulations,n. [管理] 条例；规程（regulation的复数）；章则,
elements,n. 基础；原理,
species,"n. [生物] 物种；种类,adj. 物种上的",
jump,"n. 跳跃；暴涨；惊跳,vt. 跳跃；使跳跃；跳过；突升,vi. 跳跃；暴涨；猛增,n. (Jump)人名；(英)江普",
module,n. [计] 模块；组件；模数,
resort,"n. 凭借，手段；度假胜地；常去之地,vi. 求助，诉诸；常去；采取某手段或方法",
facility,n. 设施；设备；容易；灵巧,
random,"adj. [数] 随机的；任意的；胡乱的,n. 随意,adv. 胡乱地",
pricing,"n. 定价,v. 给…定价（price的ing形式）",
certificate,"vt. 发给证明书；以证书形式授权给…；用证书批准,n. 证书；执照，文凭",
minister,"n. 部长；大臣；牧师,vi. 执行牧师职务；辅助或伺候某人",
motion,"n. 动作；移动；手势；请求；意向；议案,vi. 运动；打手势,vt. 运动；向…打手势",
looks,"n. 相貌,n. (Looks)人名；(英)卢克斯",
fashion,"n. 时尚；时装；样式；时髦人物,vt. 使用；改变；做成…的形状",
directions,n. 方向；指示；用法说明书（direction的复数形式）,
visitors,n. 访问者，游客（visitor 复数）,
documentation,"n. 文件, 证明文件, 史实, 文件编制",
monitor,"n. 监视器；监听器；监控器；显示屏；班长,vt. 监控",
trading,"n. 交易；贸易；购物,adj. 交易的；贸易的,v. 交换（trade的ing形式）；做买卖",
forest,"vt. 植树于，使成为森林,n. 森林,n. (Forest)人名；(法)福雷；(英、西)福雷斯特",
whose,pron. 谁的（疑问代词）,
coverage,n. 覆盖，覆盖范围；新闻报道,
couple,"n. 对；夫妇；数个,vi. 结合；成婚,vt. 结合；连接；连合,n. (Couple)人名；(法)库普勒",
giving,"n. 给予；礼物；给予物,v. 给；赠送（give的ing形式）；付出；产生",
chance,"n. 机会，际遇；运气，侥幸；可能性,vt. 偶然发生；冒……的险,vi. 碰巧；偶然被发现,n. (Chance)人名；(英)钱斯",
vision,"n. 视力；美景；眼力；幻象；想象力；幻视（漫威漫画旗下超级英雄）,vt. 想象；显现；梦见",
ball,"n. 球；舞会,vi. 成团块,vt. 捏成球形,n. (Ball)人名；(土)巴勒；(英、西)鲍尔；(法、德、俄、罗、捷)巴尔",
ending,n. 结局；结尾,
clients,n. 顾客；客户端；委托方（client的复数）；救济对象；应受账款,
actions,n. 行动（action的复数）；动作,
listen,"vi. 听，倾听；听从，听信,n. 听，倾听",
discuss,vt. 讨论；论述，辩论,
accept,"vt. 接受；承认；承担；承兑；容纳,vi. 承认；同意；承兑",
automotive,adj. 汽车的；自动的,
naked,adj. 裸体的；无装饰的；无证据的；直率的,
goal,"n. 目标；球门，得分数；终点,vi. 攻门，射门得分",
successful,adj. 成功的；一帆风顺的,
sold,"v. 卖，销售（sell的过去式和过去分词）,n. (Sold)人名；(瑞典)索尔德",
wind,"n. 风；呼吸；气味；卷绕,vt. 缠绕；上发条；使弯曲；吹号角；绕住或缠住某人,vi. 缠绕；上发条；吹响号角,n. (Wind)人名；(英、德、瑞典)温德",
communities,n. 社区；团体，群体（community的复数形式）,
clinical,adj. 临床的；诊所的,
situation,n. 情况；形势；处境；位置,
sciences,n. 科学（science的复数）,
lowest,adj. 最低的；最小的（low的最高级）；最底下的,
highly,adv. 高度地；非常；非常赞许地,
publishing,"n. 出版；出版业,adj. 出版的；出版业的,v. 出版；发行（publish的现在分词形式）；发表",
appear,vi. 出现；显得；似乎；出庭；登场,
emergency,"n. 紧急情况；突发事件；非常时刻,adj. 紧急的；备用的",
developing,"adj. 发展中的,n. [摄] 显影,v. 发展（develop的ing形式）",
lives,"n. 生活，[生物] 生命（life的复数）,v. 生活（live的三单形式）；居住",
currency,n. 货币；通货,
leather,"n. 皮革；皮革制品,vt. 用皮革包盖；抽打,adj. 皮的；皮革制的,n. (Leather)人名；(英)莱瑟",
determine,"v. （使）下决心，（使）做出决定,vt. 决定，确定；判定，判决；限定,vi. 确定；决定；判决，终止；[主用于法律]了结，终止，结束",
temperature,n. 温度；体温；气温；发烧,
palm,"n. 手掌；棕榈树；掌状物,vt. 将…藏于掌中,n. (Palm)人名；(英)帕姆；(瑞典)帕尔姆；(法、德、俄、捷、芬、挪)帕尔姆",
patient,"adj. 有耐心的，能容忍的,n. 病人；患者,n. (Patient)人名；(法)帕蒂安",
actual,adj. 真实的，实际的；现行的，目前的,
historical,adj. 历史的；史学的；基于史实的,
stone,"n. 石头；结石；[宝] 宝石,adj. 石的，石制的,vt. 向扔石块；用石头铺,n. (Stone)人名；(捷)斯托内；(瑞典)斯托内；(英)斯通",
bob,"n. 短发；摆动；浮子；轻敲；悬挂的饰品,vt. 剪短；敲击；使上下快速摆动,vi. 上下跳动；振动,n. (Bob)人名；(英)鲍勃(男子教名 Robert 的昵称)",
commerce,n. 贸易；商业；商务,
perhaps,"adv. 或许；（表示不确定）也许；（用于粗略的估计）或许；（表示勉强同意或其实不赞成）也许；可能,n. 假定；猜想；未定之事",
difficult,adj. 困难的；不随和的；执拗的,
scientific,adj. 科学的，系统的,
satellite,n. 卫星；人造卫星；随从；卫星国家,
fit,"vt. 安装；使……适应；使……合身；与……相符,vi. 符合，配合；适合；合身,adj. 健康的；合适的；恰当的；准备好的,n. 合身；发作；痉挛,n. (Fit)人名；(捷、罗)菲特",
village,n. 村庄；村民；（动物的）群落,
accounts,"n. 账目（account的复数）；账号；会计账簿,v. 以为；把…归因于（account的第三人称单数）",
amateur,"n. 爱好者；业余爱好者；外行,adj. 业余的；外行的",
ex,"prep. 不包括，除外,n. 前妻或前夫",
met,"v. 遇见（meet的过去式和过去分词）,n. (Met)人名；(瑞典)梅特",
pain,"n. 疼痛；努力,vt. 使…痛苦；使…烦恼,vi. 感到疼痛；引起疼痛,n. (Pain)人名；(意)帕因；(俄)派因；(法)潘；(英)佩因",
particularly,adv. 特别地，独特地；详细地，具体地；明确地，细致地,
factors,"n. 因素（factor的复数）,v. 做代理商；分解…的因子；把…作为因素考虑（factor的第三人称单数）",
coffee,"n. 咖啡；咖啡豆；咖啡色,n. (Coffee)人名；(英)科菲",
settings,n. 设置（setting的复数）,
cum,"prep. 附有；连同,n. 精液；精子,n. (Cum)人名；(意)库姆",
buyer,"n. 买主；采购员,n. (Buyer)人名；(英)拜尔；(法)比耶；(德)布耶尔",
cultural,adj. 文化的；教养的,
easily,adv. 容易地；无疑地,
oral,"adj. 口头的，口述的,n. 口试,n. (Oral)人名；(土)奥拉尔",
ford,"n. 浅滩；Ford：福特汽车公司,vi. 涉水而过,vt. 涉过；徒涉",
poster,"n. 海报，广告；招贴,n. (Poster)人名；(英)波斯特",
edge,"n. 边缘；优势；刀刃；锋利,vt. 使锐利；将…开刃；给…加上边,vi. 缓缓移动；侧着移动,n. (Edge)人名；(英)埃奇",
functional,adj. 功能的,
root,"n. 根；根源；词根；祖先,vi. 生根；根除,vt. 生根，固定；根源在于,n. (Root)人名；(英)鲁特；(德、瑞典)罗特",
closed,"adj. 关着的；不公开的,v. 关；结束；接近（close的过去分词）",
holidays,"adv. 每逢假日，在假日,v. 度假（holiday的单三形式）,n. 假日（holiday的复数形式）",
ice,"n. 冰；冰淇淋；矜持；（俚）钻石,vt. 冰镇；结冰,vi. 结冰,adj. 冰的,n. (Ice)人名；(英)艾斯；(法)伊斯",
pink,"n. 粉红色；化身，典范；石竹花；头面人物,vt. 扎，刺，戳；使…变粉红色；使…面红耳赤,vi. 变粉红色,adj. 粉红的；比较激进的；石竹科的；脸色发红的,n. (Pink)人名；(英、德、匈)平克；(法)潘克",
zealand,n. 西兰岛（丹麦最大的岛）,
balance,"n. 平衡；余额；匀称,vt. 使平衡；结算；使相称,vi. 保持平衡；相称；抵销,n. (Balance)人名；(西)巴兰塞",
monitoring,"n. 监视，[自] 监控；检验，检查,v. 监视，[通信][军] 监听，监督（monitor的ing形式）",
graduate,"vt. 授予…学位；分等级；标上刻度,vi. 毕业；渐变,n. 研究生；毕业生,adj. 毕业的；研究生的",
shot,"n. 发射；炮弹；射手；镜头,adj. 用尽的；破旧的；杂色的，闪光的,v. 射击（shoot的过去式和过去分词）",
architecture,n. 建筑学；建筑风格；建筑式样；架构,
initial,"adj. 最初的；字首的,vt. 用姓名的首字母签名,n. 词首大写字母",
label,"vt. 标注；贴标签于,n. 标签；商标；签条,n. (Label)人名；(法)拉贝尔",
thinking,"adj. 思考的；思想的；有理性的；好思考的,n. 思考；思想；想法；意见；见解,v. 思考（think的现在分词）",
scott,n. 斯科特（男子名）,
sec,美国证券交易委员会（U.S. Securities and Exchange Commission）,
recommend,"vt. 推荐，介绍；劝告；使受欢迎；托付,vi. 推荐；建议",
canon,n. 标准；教规；正典圣经；教士,
hardcore,"adj. 赤裸裸描写性行为的,n. 硬核；硬底层；碎砖垫层",
league,"n. 联盟；社团；范畴,vt. 使…结盟；与…联合,vi. 团结；结盟,n. (League)人名；(英)利格",
waste,"n. 浪费；废物；荒地；损耗；地面风化物,vt. 浪费；消耗；使荒芜,vi. 浪费；变消瘦；挥霍钱财,adj. 废弃的；多余的；荒芜的",
minute,"n. 分，分钟；片刻，一会儿；备忘录，笔记；会议记录,vt. 将…记录下来,adj. 微小的，详细的 [maɪˈnjuːt; US -ˈnuːt; maɪˋnut]",
bus,"n. 公共汽车,乘公共汽车",
provider,n. 供应者；养家者,
optional,adj. 可选择的，随意的,
dictionary,n. 字典；词典,
cold,"adj. 寒冷的；冷淡的，不热情的；失去知觉的,n. 寒冷；感冒,adv. 完全地",
accounting,"n. 会计，会计学；账单,v. 解释（account的ing形式）；叙述",
manufacturing,"adj. 制造的；制造业的,n. 制造业；工业,v. 制造；生产（manufacture的ing形式）",
sections,"n. 截面，节段；型材（section的复数）,v. 把…切成片；把…作成截面（section的三单形式）",
chair,"n. 椅子；讲座；（会议的）主席位；大学教授的职位,vt. 担任（会议的）主席；使…入座；使就任要职,n. (Chair)人名；(法)谢尔",
fishing,"n. 渔业；捕鱼（术）；试探；装配,adj. 钓鱼的；钓鱼用的,v. 捕鱼（fish的ing形式）",
effort,n. 努力；成就,
phase,"n. 月相,n. （月亮的）盈亏,n. 时期",
fields,"n. 域，字段；场设置（field复数形式）,v. 使上场（field的单三形式）,n. (Fields)人名；(德、英、葡)菲尔茨",
bag,"n. 袋；猎获物；（俚）一瓶啤酒,vt. 猎获；把…装入袋中；占据，私吞；使膨大,vi. 松垂",
fantasy,"n. 幻想；白日梦；幻觉,adj. 虚幻的,vt. 空想；想像,vi. 耽于幻想；奏幻想曲（等于phantasy）",
po,"abbr. 人事军官（Personnel Officer）；邮政汇票（postal order）；邮局（post office）,n. 波河",
letters,"n. [语] 字母；书信；读者投书栏（letter的复数）,v. 用字母标明；用印刷体写（letter的第三人称单数）",
motor,"n. 发动机，马达；汽车,adj. 汽车的；机动的,vi. 乘汽车,vt. 以汽车载运",
va,abbr. （美）维吉尼亚州（Virginia）；价值分析（Value Analysis）,
professor,n. 教授；教师；公开表示信仰的人,
context,n. 环境；上下文；来龙去脉,
install,vt. 安装；任命；安顿,
shirt,n. 衬衫；汗衫，内衣,
apparel,"n. 服装；衣服,vt. 给…穿衣",
generally,adv. 通常；普遍地，一般地,
continued,"adj. 继续的；持久的,v. 继续；逗留；维持原状（continue的过去分词）",
foot,"n. 脚；英尺；步调；末尾,vi. 步行；跳舞；总计,vt. 支付；给……换底,n. (Foot)人名；(英)富特",
mass,"n. 块，团；群众，民众；大量，众多；质量,adj. 群众的，民众的；大规模的，集中的,vi. 聚集起来，聚集,vt. 使集合",
crime,"n. 罪行，犯罪；罪恶；犯罪活动,vt. 控告……违反纪律",
count,"vt. 计算；认为,vi. 计数；有价值,n. 计数；计算；伯爵,n. (Count)人名；(法、德、南非)伯爵(欧洲贵族头衔)， 康特(人名)",
breast,"n. 乳房，胸部；胸怀；心情,vt. 以胸对着；与…搏斗",
techniques,n. 技术（technique的复数）；方法；技巧,
johnson,n. 约翰逊（姓氏）,
quickly,adv. 迅速地；很快地,
religion,n. 宗教；宗教信仰,
claim,"vi. 提出要求,vt. 要求；声称；需要；认领,n. 要求；声称；索赔；断言；值得",
driving,"adj. 强劲的；推进的；精力旺盛的,n. 驾驶；操纵,v. 驾驶（drive的ing形式）",
permission,n. 允许，许可,
surgery,n. 外科；外科手术；手术室；诊疗室,
patch,"n. 眼罩；斑点；碎片；小块土地,vt. 修补；解决；掩饰,vi. 打补丁,n. (Patch)人名；(英)帕奇",
heat,"n. 高温；压力；热度；热烈,vt. 使激动；把…加热",
wild,"adj. 野生的；野蛮的；狂热的；荒凉的,n. 荒野,adv. 疯狂地；胡乱地,n. (Wild)人名；(英)怀尔德；(法、德、葡、捷、匈)维尔德",
measures,"n. 措施；层组（measure的复数）,v. 测量（measure的单三形式）,n. (Measures)人名；(英)梅热斯",
generation,n. 一代；产生；一代人；生殖,
kansas,n. 堪萨斯州（美国州名）,
miss,"n. 女士，小姐，年轻未婚女子,vt. 错过，想念，缺（勤）",
chemical,"n. 化学制品，化学药品,adj. 化学的",
doctor,"vt. 修理；篡改，伪造；为…治病；授以博士学位,n. 医生；博士,vi. 就医；行医",
task,"vt. 分派任务,n. 工作，作业；任务",
reduce,"vt. 减少；降低；使处于；把…分解,vi. 减少；缩小；归纳为",
brought,v. 带来（bring的过去分词）,
himself,pron. 他自己；他亲自，他本人,
nor,"conj. 也不；也不是,adv. 也不；也没有,n. (Nor)人名；(中)挪(广东话·威妥玛)；(马来、俄)诺尔；(柬)诺",
component,"adj. 组成的，构成的,n. 成分；组件；[电子] 元件",
enable,vt. 使能够，使成为可能；授予权利或方法,
exercise,"n. 运动；练习；运用；操练；礼拜；典礼,vt. 锻炼；练习；使用；使忙碌；使惊恐,vi. 运动；练习",
bug,"n. 臭虫，小虫；故障；窃听器,vt. 烦扰，打扰；装窃听器,vi. 装置窃听器；打扰",
santa,n. 圣诞老人（等于Santa Claus）,
mid,"adj. 中间的；中央的,prep. 在…之中,n. (Mid)人名；(柬)米",
guarantee,"n. 保证；担保；保证人；保证书；抵押品,vt. 保证；担保",
leader,"n. 领导者；首领；指挥者,n. (Leader)人名；(英)利德",
diamond,"n. 钻石，金刚石；菱形；方块牌,adj. 菱形的；金刚钻的,n. (Diamond)人名；(英、意、葡)戴蒙德；(法)迪亚蒙",
israel,n. 以色列（亚洲国家）；犹太人，以色列人,
processes,"n. 过程；[计] 进程（process的复数）,v. 处理（process的第三人称单数形式）；加工",
soft,"adj. 软的，柔软的；温柔的，温和的；软弱的；笨的,adv. 柔软地；温和地,n. 柔性；柔软的东西；柔软部分",
alone,"adj. 独自的；单独的；孤独的,adv. 独自地；单独地",
seconds,n. 次级品，二等品,
jones,n. 琼斯（姓氏）,
arizona,n. 美国亚利桑那州,
interests,"n. 利益（interest的复数）；兴趣，爱好,v. 使…感兴趣（interest的第三人称单数形式）",
flight,"n. 飞行；班机；逃走,vt. 射击；使惊飞,vi. 迁徙,n. (Flight)人名；(英)弗莱特",
congress,n. 国会；代表大会；会议；社交,
fuel,"vi. 得到燃料,vt. 供以燃料，加燃料,n. 燃料；刺激因素",
username,n. 由字母或数字组成的用户名称，以标明用户的身份,
walk,"n. 步行，走；散步,vt. 散步；走过,vi. 走，步行；散步,n. (Walk)人名；(德、葡)瓦尔克；(英)沃克",
fuck,"n. 性交；杂种；一丁点儿,vt. 与...性交；诅咒；欺骗,vi. 性交；鬼混,int. 他妈的,n. (Fuck)人名；(德)富克",
produced,"v. 产生；制造（produce的过去式和过去分词）；创作,adj. 引长的；畸形地伸长的",
paperback,"n. 平装本；廉价本,vt. 以平装本出版,adj. 纸面装订的；纸面平装本书籍的",
wait,"vt. 等候；推迟；延缓,vi. 等待；耽搁；伺候用餐,n. 等待；等候,n. (Wait)人名；(英)韦特；(捷)魏特",
supported,"adj. 被支持的,v. 支持（support的过去分词）",
pocket,"n. 口袋；钱；容器,vt. 隐藏；忍受；将…放入衣袋,vi. 形成袋或囊,adj. 小型的，袖珍的；金钱上的",
saint,"n. 圣人；圣徒；道德崇高的人,adj. 神圣的,vt. 成为圣徒",
rose,"n. 玫瑰；粉红色；蔷薇（花）；粉红色的葡萄酒,adj. 玫瑰花的；玫瑰色的；粉红色的；带有玫瑰香味的,vt. 使成玫瑰色，使（面颊）发红；使有玫瑰香味,vi. 起义( rise的过去式)；升起；（数量）增加；休会",
freedom,"n. 自由，自主；直率,n. (Freedom)人名；(英)弗里德姆",
argument,n. 论证；论据；争吵；内容提要,
competition,n. 竞争；比赛，竞赛,
creating,"adj. 生成的,vt. 创造（create的现在分词）",
jim,n. 吉姆（人名）,
drugs,n. 毒品，[药] 药物,
joint,"n. 关节；接缝；接合处，接合点；（牛，羊等的腿）大块肉,adj. 共同的；连接的；联合的，合办的,vt. 连接，贴合；接合；使有接头,vi. 贴合；生节,n. (Joint)人名；(法)茹安",
premium,"n. 额外费用；奖金；保险费;(商)溢价,adj. 高价的；优质的",
providers,n. 供应商（provider的复数形式）,
fresh,"adj. 新鲜的；清新的；淡水的；无经验的,n. 开始；新生；泛滥,adv. 刚刚，才；最新地",
characters,"n. 特性；人物角色（character复数）,v. 描述（character的三单形式）；表示…的特性",
attorney,n. 律师；代理人；检察官,
upgrade,"vt. 使升级；提升；改良品种,n. 升级；上升；上坡,adv. 往上,adj. 向上的",
factor,"n. 因素；要素；[物] 因数；代理人,vi. 做代理商,vt. 把…作为因素计入；代理经营；把…分解成,n. (Factor)人名；(英)法克特",
growing,"adj. 发展的；成长的,v. 生长（grow的ing形式）",
stream,"n. 溪流；流动；潮流；光线,vi. 流；涌进；飘扬,vt. 流出；涌出；使飘动",
pick,"vi. 挑选；采摘；挖,vt. 拾取；精选；采摘；掘,n. 选择；鹤嘴锄；挖；掩护,n. (Pick)人名；(英、法、德、捷、匈、瑞典)皮克",
hearing,"n. 听力；审讯，听讯,v. 听见（hear的ing形式）,n. (Hearing)人名；(英)希尔林",
eastern,"adj. 东方的；朝东的；东洋的,n. 东方人；（美国）东部地区的人",
therapy,n. 治疗，疗法,
entries,n. 进入；（词典所列的）词目（entry的复数形式）,
generated,"adj. 生成的；发生的,v. （使）产生（generate的过去分词）",
upper,"adj. 上面的，上部的；较高的,n. (Upper)人名；(英)厄珀",
administrative,adj. 管理的，行政的,
serious,adj. 严肃的，严重的；认真的；庄重的；危急的,
prime,"adj. 主要的；最好的；基本的,adv. 极好地,n. 初期；青年；精华；全盛时期,vt. 使准备好；填装,vi. 作准备,n. (Prime)人名；(英)普赖姆；(德)普里梅",
limit,"n. 限制；限度；界线,vt. 限制；限定",
began,"v. 开始；创建；着手于（begin的过去式）,n. (Began)人名；(塞)贝甘",
louis,n. 路易斯（男子名）,
errors,n. 误差；错误；差错（error的复数）,
bondage,n. 奴役，束缚；奴役身份,
del,"n. 删除文件；[数] 倒三角形,n. (Del)人名；(匈)戴尔；(柬)德",
efforts,n. 努力；转向力（effort的复数）,
informed,"adj. 消息灵通的；见多识广的,v. 通知；使了解；提供资料（inform的过去分词）",
ac,abbr. 阿森松岛（Ascension Island）,
thoughts,n. 思想；想法（thought的复数）；思维,
creek,n. 小溪；小湾,
worked,"adj. 处理过的；制造好的；耕种过的,v. 工作（work的过去式和过去分词）",
quantity,n. 量，数量；大量；总量,
urban,"adj. 城市的；住在都市的,n. (Urban)人名；(西)乌尔万；(斯洛伐)乌尔班；(德、俄、罗、匈、塞、波、捷、瑞典、意)乌尔班；(英)厄本；(法)于尔邦",
practices,"n. 实践（practice的复数）；练习,v. 练习（practice的第三人称单数形式）",
sorted,"adj. 分类的；分选的；挑选的,v. [计] 分类（sort的过去分词）",
reporting,"n. 报告；报导,adj. 报告的",
essential,"adj. 基本的；必要的；本质的；精华的,n. 本质；要素；要点；必需品",
myself,pron. 我自己；我亲自；我的正常的健康状况和正常情绪,
tours,n. 图尔斯（姓氏）；图尔市（法国城市名）,
platform,n. 平台；月台，站台；坛；讲台,
load,"n. 负载，负荷；工作量；装载量,vi. [力] 加载；装载；装货,vt. 使担负；装填",
affiliate,"n. 联号；隶属的机构等,vt. 使附属；接纳；使紧密联系,vi. 参加，加入；发生联系",
labor,"n. 劳动；工作；劳工；分娩,vi. 劳动；努力；苦干,vt. 详细分析；使厌烦,n. (Labor)人名；(德、塞、法)拉博尔；(英)拉博",
immediately,"adv. 立即，立刻；直接地,conj. 一…就",
admin,abbr. 管理，行政（administration）,
nursing,"n. 护理；看护；养育,v. 看护；养育（nurse的ing形式）",
defense,"n. 防卫，防护；防御措施；防守,vt. 谋划抵御",
machines,"n. [机] 机器；机械（machine的复数）,v. 以机器制造（machine的第三人称单数形式）",
designated,adj. 指定的；特指的,
tags,"n. 标签；（机动车）牌照；称呼（tag的复数）,v. 附加；加标签于；给…起绰号（tag的单三形式）",
heavy,"adj. 沉重的；繁重的，巨大的；拥挤的；阴沉的,n. 重物；严肃角色,adv. 大量地；笨重地",
covered,"adj. 覆盖了的；隐蔽着的；有屋顶的,v. 覆盖；包括；掩护（cover的过去分词）",
recovery,n. 恢复，复原；痊愈；重获,
joe,n. 乔（男子名）,
integrated,"adj. 综合的；完整的；互相协调的,v. 整合；使…成整体（integrate的过去分词）",
configuration,n. 配置；结构；外形,
cock,"n. 公鸡；龙头；雄鸟；头目,vt. 使竖起；使耸立；使朝上,vi. 翘起；竖起；大摇大摆,n. (Cock)人名；(英、西、瑞典)科克",
merchant,"n. 商人，批发商；店主,adj. 商业的，商人的,n. (Merchant)人名；(英)麦钱特",
comprehensive,"adj. 综合的；广泛的；有理解力的,n. 综合学校；专业综合测验",
expert,"adj. 熟练的；内行的；老练的,n. 专家；行家；能手,vt. 当专家；在…中当行家,n. (Expert)人名；(法)埃克斯佩",
universal,"adj. 普遍的；通用的；宇宙的；全世界的；全体的,n. 一般概念；普通性",
protect,vt. 保护，防卫；警戒,
drop,"vt. 滴；使降低；使终止；随口漏出,vi. 下降；终止,n. 滴；落下；空投；微量；滴剂",
solid,"adj. 固体的；可靠的；立体的；结实的；一致的,n. 固体；立方体,n. (Solid)人名；(瑞典)索利德",
presentation,n. 展示；描述，陈述；介绍；赠送,
languages,n. 语系，语种；语言文字（language复数）,
became,v. 变得（become的过去式）,
orange,"adj. 橙色的；橘色的,n. 橙；橙色；桔子,n. (Orange)人名；(英)奥林奇；(法)奥朗热",
compliance,n. 顺从，服从；承诺,
vehicles,n. [车辆] 车辆（vehicle的复数形式）；交通工具,
prevent,"vt. 预防，防止；阻止,vi. 妨碍，阻止",
theme,"n. 主题；主旋律；题目,adj. 以奇想主题布置的",
rich,"adj. 富有的；肥沃的；昂贵的,adj. 油腻的，含有很多脂肪,n. (Rich)人名；(丹)里克；(捷)里赫；(英、西)里奇；(葡、法)里什",
campaign,"vi. 作战；参加竞选；参加活动,n. 运动；活动；战役",
marine,"adj. 船舶的；海生的；海产的；航海的，海运的,n. 海运业；舰队；水兵；（海军）士兵或军官,n. (Marine)人名；(西)马里内；(英)马林",
improvement,n. 改进，改善；提高,
guitar,"n. 吉他，六弦琴,vi. 弹吉他",
finding,"n. 发现；裁决；发现物,v. 找到；感到（find的ing形式）；遇到",
pennsylvania,n. 宾夕法尼亚州（美国州名）,
examples,"n. 例子；列证（example的复数形式）,v. 举例说明；作出榜样（example的第三人称单数形式）",
ipod,n. 苹果公司音乐播放器,
saying,"n. 话；谚语；言论,v. 说（say的ing形式）",
spirit,"n. 精神；心灵；情绪；志气；烈酒,vt. 鼓励；鼓舞；诱拐",
claims,"n. 要求，请求权；[贸易] 索赔（claim的复数形式）；债权；[法] 权利要求,v. 要求；主张（claim的第三人称单数形式）",
porno,"n. 色情（书刊、电影等，等于pornography）,adj. 色情的（等于pornographic）",
challenge,"n. 挑战；怀疑,vt. 向…挑战；对…质疑",
motorola,n. 摩托罗拉（美国主营电子的公司）,
acceptance,n. 接纳；赞同；容忍,
mo,"abbr. 方式（Modus Operandi）；卫生干事，卫生管员（Medical Officer）；邮购（Mail Order）；邮政汇票（Money Order）,n. (Mo)人名；(日)茂(姓)；(意、缅、瑞典)莫",
seem,"vi. 似乎；像是；装作,n. (Seem)人名；(英)西姆",
touch,"vt. 接触；触动；使轻度受害,vi. 触摸；涉及；接近；提到,n. 接触；触觉；格调；少许,n. (Touch)人名；(柬)杜；(英)陶奇",
intended,"adj. 故意的，有意的；打算中的,n. 已订婚者,v. 打算；准备（intend的过去分词）",
towards,prep. 朝，向；对于；有助于,
goals,n. 目标，[心理] 目的；进球，射中次数,
hire,"n. 雇用，租用；租金，工钱,vt. 雇用；出租,vi. 雇用，租用；受雇",
election,n. 选举；当选；选择权；上帝的选拔,
suggest,vt. 提议，建议；启发；使人想起；显示；暗示,
branch,"vt. 分支；出现分歧,vi. 分支；出现分歧,n. 树枝，分枝；分部；支流,n. (Branch)人名；(英)布兰奇",
serve,"vt. 招待，供应；为…服务；对…有用；可作…用,vi. 服役，服务；适合，足够；发球；招待，侍候,n. 发球，轮到发球,n. (Serve)人名；(法)塞尔夫",
reasons,"n. 原因（reason的复数）；理由；理智,v. 推理；劝说（reason的第三人称单数）",
magic,"n. 巫术；魔法；戏法,adj. 不可思议的；有魔力的；魔术的,n. (Magic)人名；(英)马吉克",
mount,"vt. 增加；爬上；使骑上马；安装，架置；镶嵌，嵌入；准备上演；成立（军队等）,vi. 爬；增加；上升,n. 山峰；底座；乘骑用马；攀，登；运载工具；底座,n. （英）芒特（人名）,v. 登上；骑上",
smart,"adj. 聪明的；巧妙的；敏捷的；厉害的；潇洒的；剧烈的；时髦的,n. (Smart)人名；(法)斯马尔；(英、德)斯马特",
talking,"adj. 说话的，多嘴的；有表情的,n. 讲话，谈论,v. 谈论；讲话（talk的ing形式）,n. (Talking)人名；(英)托金",
gave,"v. 给予（give的过去式）,n. (Gave)人名；(塞内)加韦；(法)加夫",
latin,"adj. 拉丁语的；拉丁人的,n. 拉丁语；拉丁人",
multimedia,"n. 多媒体,adj. 多媒体的",
avoid,vt. 避免；避开，躲避；消除,
certified,"adj. 被证明的；有保证的；具有证明文件的,v. 证明，证实；颁发合格证书（certify的过去分词形式）",
manage,"vt. 管理；经营；控制；设法,vi. 处理；应付过去",
corner,"n. 角落，拐角处；地区，偏僻处；困境，窘境,vi. 囤积；相交成角,vt. 垄断；迫至一隅；使陷入绝境；把…难住,n. (Corner)人名；(法)科尔内；(英)科纳",
rank,"n. 排；等级；军衔；队列,adj. 讨厌的；恶臭的；繁茂的,vt. 排列；把…分等,vi. 列为；列队,n. (Rank)人名；(英、德、芬、捷)兰克",
computing,"n. 计算；处理；从事电脑工作,v. 计算（compute的现在分词形式）",
oregon,n. 俄勒冈州（美国州名）,
element,"n. 元素；要素；原理；成分；自然环境,n. (Element)人名；(德)埃勒门特；(英)埃利门特",
birth,n. 出生；血统，出身；起源,
virus,"n. [病毒] 病毒；恶毒；毒害,n. (Virus)人名；(西)比鲁斯",
abuse,"n. 滥用；虐待；辱骂；弊端；恶习，陋习,vt. 滥用；虐待；辱骂,n. (Abuse)人名；(英)阿比斯",
interactive,adj. 交互式的；相互作用的,
separate,"vt. 使分离；使分开；使分居,vi. 分开；隔开；分居,adj. 单独的；分开的；不同的；各自的；,n. .分开；抽印本",
quarter,"n. 四分之一；地区；季度；一刻钟；两角五分；节,vi. 住宿；驻扎,vt. 将…四等分；供某人住宿,num. 四分之一",
procedure,n. 程序，手续；步骤,
leadership,n. 领导能力；领导阶层,
tables,"n. 桌子；表格（table的复数）；附录,v. 制表（table的三单形式）；搁置",
define,"vt. 定义；使明确；规定,n. (Define)人名；(英)德法恩；(葡)德菲内",
racing,"n. 赛马；竞赛,vi. 赛马（race的ing形式）；竞赛,adj. 比赛的",
religious,"adj. 宗教的；虔诚的；严谨的；修道的,n. 修道士；尼姑",
breakfast,"n. 早餐；早饭,vi. 吃早餐,vt. 为…供应早餐",
column,n. 纵队，列；专栏；圆柱，柱形物,
plants,"n. [植] 植物；[工经] 工厂（plant的复数形式）,v. 栽种；安置（plant的单三形式）",
faith,"n. 信仰；信念；信任；忠实,n. (Faith)人名；(匈)福伊特；(英)费思，费丝(女名)；(瑞典)法伊特",
chain,"n. 链；束缚；枷锁,vt. 束缚；囚禁；用铁链锁住",
developer,n. 开发者；[摄] 显影剂,
identify,vt. 确定；鉴定；识别，辨认出；使参与；把…看成一样 vi. 确定；认同；一致,
